source,subreddit,date,title,vader_compound,tb_polarity,ensemble_score,sentiment,tb_subjectivity,risk_score,Fake Grab / Taxi,Overcharging,Currency / Change,Theft / Pickpocket,Fake Products,Phone / Digital,Accommodation,Tour / Activity,score,num_comments,url
Reddit,r/vietnam,2026-05-20,Airport Grab Scam alert,0.3716,-0.05537240537240537,0.24350827838827835,Positive,0.46791819291819287,0.0,1,0,1,0,0,0,0,0,11,26,https://reddit.com/r/VietNam/comments/1tim51f/airport_grab_scam_alert/
Reddit,r/vietnam,2026-05-18,"Travel WARNING: Skip taxis in Vietnam, go with Grab.",-0.8695,-0.11905303030303027,-0.6443659090909091,Negative,0.4510732323232323,40.9,0,0,1,0,0,0,0,0,99,89,https://reddit.com/r/VietNam/comments/1tgw9eh/travel_warning_skip_taxis_in_vietnam_go_with_grab/
Reddit,r/vietnam,2026-05-18,Warning: Sudden total blackout after one mojito at Mr Bean Bar in Hoi An last night – possible spiking?,0.4144,0.0718095238095238,0.3116228571428571,Positive,0.477904761904762,0.0,0,0,0,0,0,0,0,0,83,66,https://reddit.com/r/VietNam/comments/1tgf9nd/warning_sudden_total_blackout_after_one_mojito_at/
Reddit,r/travel,2026-05-17,Thailand + Bali for 2 weeks — worth it or should I reconsider Bali?,0.5775,0.24125000000000002,0.476625,Positive,0.4845833333333333,0.0,0,0,0,0,0,0,0,0,7,64,https://reddit.com/r/travel/comments/1tf9r9s/thailand_bali_for_2_weeks_worth_it_or_should_i/
Reddit,r/travel,2026-05-17,"Warning: Booking.com sent my family to a bankrupt, fenced-off resort in Belgium and is refusing to pay travel damages.",-0.7178,0.05858585858585858,-0.48488424242424244,Negative,0.48989898989898994,29.1,0,0,0,0,0,0,0,0,7403,679,https://reddit.com/r/travel/comments/1tfinez/warning_bookingcom_sent_my_family_to_a_bankrupt/
Reddit,r/vietnam,2026-05-16,Going to Vietnam soon,-0.7906,0.16727272727272724,-0.5032381818181817,Negative,0.5686868686868687,28.6,0,0,0,0,0,0,0,0,0,14,https://reddit.com/r/VietNam/comments/1telt5s/going_to_vietnam_soon/
Reddit,r/solotravel,2026-05-10,"Please rate my 36-day Vietnam itinerary (solo female traveler, August)",0.5361,0.2608815426997246,0.4535344628099174,Positive,0.559504132231405,0.0,0,0,0,0,0,0,0,0,19,40,https://reddit.com/r/solotravel/comments/1t9luwc/please_rate_my_36day_vietnam_itinerary_solo/
Reddit,r/solotravel,2026-05-07,[FemaleSolo] Assaulted on egypt,-0.2296,0.019328703703703695,-0.1549213888888889,Neutral,0.5875,10.8,0,0,0,0,0,0,0,0,610,145,https://reddit.com/r/solotravel/comments/1t6m1xl/femalesolo_assaulted_on_egypt/
Reddit,r/vietnam,2026-05-05,"Close call with the ""Note Inspection"" scam in Da Nang, Vietnam – Watch out!",0.6361,0.1845238095238095,0.5006271428571428,Positive,0.40069444444444446,0.0,0,0,1,0,0,0,0,0,100,53,https://reddit.com/r/VietNam/comments/1t4j3l6/close_call_with_the_note_inspection_scam_in_da/
Reddit,r/travel,2026-05-04,What's a common tourist activity that happens in your country that you feel like is a scam?,-0.8268,-0.022222222222222216,-0.5854266666666667,Negative,0.2347222222222222,37.7,0,1,0,0,0,0,0,0,373,92,https://reddit.com/r/travel/comments/1t3h2ah/whats_a_common_tourist_activity_that_happens_in/
Reddit,r/vietnam,2026-04-28,A guide to phone/navigation unit mounts on motorcycles in Vietnam,0.8334,0.052579365079365066,0.5991538095238095,Positive,0.5259920634920635,0.0,0,0,0,0,0,0,0,0,2,0,https://reddit.com/r/VietNam/comments/1sxsne7/a_guide_to_phonenavigation_unit_mounts_on/
Reddit,r/vietnam,2026-04-20,Scammed in Vietnam: warning for other travellers,-0.9502,-0.011944444444444445,-0.6687233333333333,Negative,0.5114814814814815,59.9,1,0,1,1,1,0,0,0,173,237,https://reddit.com/r/VietNam/comments/1sqem1x/scammed_in_vietnam_warning_for_other_travellers/
Reddit,r/vietnam,2026-04-18,⚠️ SCAM WARNING FOR PEOPLE TRAVELING TO VIETNAM ⚠️,-0.9752,-0.027777777777777776,-0.6909733333333332,Negative,0.49259259259259264,51.7,0,0,0,1,1,0,0,0,91,29,https://reddit.com/r/VietNam/comments/1sp09x7/scam_warning_for_people_traveling_to_vietnam/
Reddit,r/vietnam,2026-04-18,Custom Tailoring,0.9421,0.25773484848484846,0.7367904545454546,Positive,0.445560606060606,0.0,0,1,0,0,0,0,0,0,0,7,https://reddit.com/r/VietNam/comments/1sp1wb5/custom_tailoring/
Reddit,r/travel,2026-04-18,Warning for people traveling by train in Switzerland!,-0.6705,0.007407407407407414,-0.4671277777777777,Negative,0.27592592592592596,27.0,0,0,0,0,0,0,0,0,454,112,https://reddit.com/r/travel/comments/1soodlq/warning_for_people_traveling_by_train_in/
Reddit,r/vietnam,2026-04-15,Potential scam call from Embassy of Vietnam,-0.6757,0.06666666666666667,-0.45298999999999995,Negative,0.24791666666666667,24.7,0,0,0,0,0,0,0,0,0,21,https://reddit.com/r/VietNam/comments/1slxjxc/potential_scam_call_from_embassy_of_vietnam/
Reddit,r/vietnam,2026-04-15,Scammed in Saigon,-0.6514,0.25606060606060604,-0.37916181818181816,Negative,0.40723905723905723,28.5,0,0,1,0,0,0,0,0,207,70,https://reddit.com/r/VietNam/comments/1sm9n0b/scammed_in_saigon/
Reddit,r/vietnam,2026-04-10,"Beyond the Tragedy: Vietnam should have a road safety law like ""Orla Wates Act"" ASAP!",0.7704,-0.75,0.31428,Positive,0.75,0.0,0,0,1,0,0,0,0,0,0,20,https://reddit.com/r/VietNam/comments/1sha7a1/beyond_the_tragedy_vietnam_should_have_a_road/
Reddit,r/vietnam,2026-04-02,Bag prices,0.8995,0.3125,0.7233999999999999,Positive,0.4208333333333333,0.0,0,1,0,0,0,0,0,0,10,8,https://reddit.com/r/VietNam/comments/1sa8ujy/bag_prices/
Reddit,r/vietnam,2026-03-28,what are precautions to take while travelling to vietnam as an Indian 18F?,-0.9153,0.0859375,-0.61492875,Negative,0.6629216269841269,37.2,0,0,0,0,0,0,0,0,0,24,https://reddit.com/r/VietNam/comments/1s69i75/what_are_precautions_to_take_while_travelling_to/
Reddit,r/vietnam,2026-03-25,"Major crypto platform (ONUS, Vietnam) suddenly frozen - liquidity issue, investigation or exit scam?",-0.3476,0.15519230769230768,-0.1967623076923077,Neutral,0.46923076923076923,14.0,0,0,0,0,0,0,0,0,31,69,https://reddit.com/r/VietNam/comments/1s30i88/major_crypto_platform_onus_vietnam_suddenly/
Reddit,r/vietnam,2026-03-25,Please join me in this request to ban all simp posts in this subreddit,-0.2732,0.12638888888888888,-0.15332333333333334,Neutral,0.4895833333333333,10.8,0,0,0,0,0,0,0,0,408,125,https://reddit.com/r/VietNam/comments/1s3bwjy/please_join_me_in_this_request_to_ban_all_simp/
Reddit,r/vietnam,2026-03-23,Definitely Vietnam is not as safe as you might think,-0.8964,0.018750000000000017,-0.6218549999999999,Negative,0.45,41.6,0,0,0,1,0,0,0,0,374,297,https://reddit.com/r/VietNam/comments/1s17w2d/definitely_vietnam_is_not_as_safe_as_you_might/
Reddit,r/vietnam,2026-03-19,Phạm Tường Lan Thy: Is the stealing accusation against her genuine?,-0.9333,0.2597222222222222,-0.5753933333333333,Negative,0.5356481481481481,33.7,0,0,0,0,0,0,0,0,0,5,https://reddit.com/r/VietNam/comments/1ry3xqe/phạm_tường_lan_thy_is_the_stealing_accusation/
Reddit,r/travel,2026-03-19,Is Egypt even worth it? Dealing with blatant racism and being treated like a walking ATM.,-0.9392,-0.020915032679738568,-0.6637145098039215,Negative,0.54640522875817,44.5,0,0,1,0,0,0,0,0,1923,299,https://reddit.com/r/travel/comments/1ry6pgg/is_egypt_even_worth_it_dealing_with_blatant/
Reddit,r/vietnam,2026-03-18,Where to buy pearls in Phu Quoc?,0.6915,0.13555555555555554,0.5247166666666666,Positive,0.6103703703703703,0.0,0,1,0,0,1,0,0,1,2,1,https://reddit.com/r/VietNam/comments/1rwtr1y/where_to_buy_pearls_in_phu_quoc/
Reddit,r/vietnam,2026-03-12,Hello travelers 👋,0.9537,0.18611925708699903,0.7234257771260996,Positive,0.4331727412372574,0.0,0,0,0,0,0,0,0,0,1,3,https://reddit.com/r/VietNam/comments/1rrnb5f/hello_travelers/
Reddit,r/vietnam,2026-03-09,Visiting Vietnam in May 🌷 Please give recos for the following:,0.9786,0.2709821428571429,0.7663146428571428,Positive,0.6174107142857143,0.0,0,1,0,0,0,0,1,0,0,4,https://reddit.com/r/VietNam/comments/1rovw57/visiting_vietnam_in_may_please_give_recos_for_the/
Reddit,r/travel,2026-02-24,El Salvador Travel Tips from an American woman,0.101,0.39768518518518525,0.19000555555555557,Neutral,0.6193121693121693,0.0,0,0,1,0,0,0,0,0,433,127,https://reddit.com/r/travel/comments/1rdhm1g/el_salvador_travel_tips_from_an_american_woman/
Reddit,r/travel,2026-02-22,Anyone else have a truly terrible experience in Turkey?,-0.5809,0.09726190476190477,-0.3774514285714285,Negative,0.4207142857142857,23.3,0,0,0,0,0,0,0,0,586,266,https://reddit.com/r/travel/comments/1rbugx8/anyone_else_have_a_truly_terrible_experience_in/
Reddit,r/solotravel,2026-02-18,Backpacking in Vietnam as a 30yrs lld dude (semi)solo 1st part: Hanoi,0.6187,-0.15408163265306124,0.3868655102040816,Positive,0.2693877551020408,0.0,0,0,0,0,0,0,0,0,35,15,https://reddit.com/r/solotravel/comments/1r7wx3w/backpacking_in_vietnam_as_a_30yrs_lld_dude/
Reddit,r/solotravel,2026-02-17,Love-Hate relationship with Vietnam,0.9645,0.3485087719298246,0.7797026315789474,Positive,0.7333333333333333,0.0,0,0,0,0,0,0,1,0,0,83,https://reddit.com/r/solotravel/comments/1r7fy3q/lovehate_relationship_with_vietnam/
Reddit,r/vietnam,2026-02-15,The one trip that changed me ❤️,0.9741,0.2678571428571429,0.7622271428571429,Positive,0.5291666666666667,0.0,0,0,1,0,0,0,0,0,162,15,https://reddit.com/r/VietNam/comments/1r5cncn/the_one_trip_that_changed_me/
Reddit,r/vietnam,2026-02-12,Am I getting scammed? The Circle Travel Vietnam - Ha Giang loop tour,-0.8219,0.3866666666666667,-0.4593299999999999,Negative,0.5133333333333333,27.3,0,0,0,0,0,0,0,0,0,2,https://reddit.com/r/VietNam/comments/1r2g87g/am_i_getting_scammed_the_circle_travel_vietnam_ha/
Reddit,r/solotravel,2026-02-06,"After Backpacking to Nearly 70 Countries, These are My Top 10",0.9341,0.292979242979243,0.7417637728937728,Positive,0.4781949531949532,0.0,0,0,0,0,0,0,0,0,1667,341,https://reddit.com/r/solotravel/comments/1qxy2eu/after_backpacking_to_nearly_70_countries_these/
Reddit,r/solotravel,2026-02-06,"One year ago, I quit my job to do a solo backpacking trip for 8 months",0.8519,0.2334928229665072,0.666377846889952,Positive,0.489023695602643,0.0,0,0,1,0,0,0,0,0,375,88,https://reddit.com/r/solotravel/comments/1qxoxpm/one_year_ago_i_quit_my_job_to_do_a_solo/
Reddit,r/travel,2026-02-06,Trip report - 1 month in Georgia and I LOVED it,0.9736,0.3426666666666666,0.78432,Positive,0.5685925925925925,0.0,0,0,0,0,0,0,0,0,4754,165,https://reddit.com/r/travel/comments/1qxr7pg/trip_report_1_month_in_georgia_and_i_loved_it/
Reddit,r/vietnam,2026-02-04,"Warning: expect predatory behavior, do not fall into ""nice-guys"" traps because this feeds the corruption economy. 3 days in vietnam = 3 illegitimate extraction attempts, 2 violent",-0.9636,0.1628075396825397,-0.6256777380952381,Negative,0.5875992063492063,44.1,0,0,0,0,1,0,0,0,54,94,https://reddit.com/r/VietNam/comments/1qvxsrq/warning_expect_predatory_behavior_do_not_fall/
Reddit,r/vietnam,2026-02-03,Mock-ups of Vietnam police station and bank being used in Cambodian scam center,-0.6705,-0.05,-0.48434999999999995,Negative,0.55,31.5,0,0,0,0,0,0,0,0,364,17,https://reddit.com/r/VietNam/comments/1qudzdi/mockups_of_vietnam_police_station_and_bank_being/
Reddit,r/vietnam,2026-02-02,HANOI VIETNAM,-0.7694,-0.09469696969696968,-0.5669890909090909,Negative,0.4727272727272727,36.0,0,0,1,0,0,0,0,0,0,15,https://reddit.com/r/VietNam/comments/1qtpx7d/hanoi_vietnam/
Reddit,r/travel,2026-01-29,My honesty about Egypt,-0.8162,-0.01805555555555556,-0.5767566666666666,Negative,0.5493055555555556,34.0,0,0,0,0,0,0,0,0,2488,701,https://reddit.com/r/travel/comments/1qqlg8j/my_honesty_about_egypt/
Reddit,r/vietnam,2026-01-25,"Family member visiting from US got food poisoning and admitted to VN hospital. Sick 6 days now, any advice?",-0.8689,0.06874999999999999,-0.5876049999999999,Negative,0.4367063492063492,33.2,0,0,0,0,0,0,0,0,84,87,https://reddit.com/r/VietNam/comments/1qm8oks/family_member_visiting_from_us_got_food_poisoning/
Reddit,r/vietnam,2026-01-20,HCMC Six Day Travel Plan,0.8807,0.1125,0.6502399999999999,Positive,0.43125,0.0,0,0,0,0,0,0,0,0,3,0,https://reddit.com/r/VietNam/comments/1qi0c95/hcmc_six_day_travel_plan/
Reddit,r/vietnam,2026-01-18,Solo Female Traveler in 2026,0.6486,0.16462450592885378,0.503407351778656,Positive,0.4136034255599473,0.0,1,0,0,0,0,0,0,0,2,5,https://reddit.com/r/VietNam/comments/1qgkh5l/solo_female_traveler_in_2026/
Reddit,r/vietnam,2026-01-17,Comaprison between Vietnamese and other Sputh-East Asian people,0.6468,0.11425925925925927,0.4870377777777778,Positive,0.4327777777777778,0.0,0,0,0,0,0,0,0,0,0,71,https://reddit.com/r/VietNam/comments/1qfsrp6/comaprison_between_vietnamese_and_other_sputheast/
Reddit,r/travel,2026-01-16,Vietnam evisa amendment,-0.8779,-0.25,-0.68953,Negative,0.5125,39.5,0,0,0,0,0,0,0,0,1,4,https://reddit.com/r/travel/comments/1qe55vg/vietnam_evisa_amendment/
Reddit,r/travel,2026-01-10,"17-Day SE Asia Honeymoon Trip – Malaysia, Thailand, Laos, Vietnam – Advice Welcome!",0.9552,0.31250000000000006,0.76239,Positive,0.68125,0.0,0,0,1,0,0,0,0,0,2,3,https://reddit.com/r/travel/comments/1q99m3x/17day_se_asia_honeymoon_trip_malaysia_thailand/
Reddit,r/travel,2026-01-10,Need advice! Solo travel in Vietnam,-0.7102,0.20595238095238094,-0.43535428571428575,Negative,0.6285714285714287,31.3,0,1,0,0,0,0,0,0,0,2,https://reddit.com/r/travel/comments/1q8s6lx/need_advice_solo_travel_in_vietnam/
Reddit,r/vietnam,2026-01-10,Foreigner complaints,-0.4297,0.32,-0.20479,Negative,0.405,19.5,0,1,0,0,0,0,0,0,20,22,https://reddit.com/r/VietNam/comments/1q92ygg/foreigner_complaints/
Reddit,r/vietnam,2026-01-09,Vietnam Airlines Seat Change Scam,-0.6336,0.019444444444444445,-0.43768666666666667,Negative,0.5376543209876543,34.9,0,1,1,0,0,0,0,0,9,21,https://reddit.com/r/VietNam/comments/1q8gfh4/vietnam_airlines_seat_change_scam/
Reddit,r/travel,2026-01-07,Travel experience in Georgia 🇬🇪,-0.8999,0.002777777777777784,-0.6290966666666666,Negative,0.4937500000000001,41.9,0,0,1,0,0,0,0,0,208,108,https://reddit.com/r/travel/comments/1q6ow0p/travel_experience_in_georgia/
Reddit,r/travel,2026-01-03,"Travel advice needed for my parents’ first international trip (Vietnam, late Jan)",0.6486,0.13194444444444445,0.4936033333333333,Positive,0.36527777777777776,0.0,0,0,0,0,0,0,0,0,1,4,https://reddit.com/r/travel/comments/1q2qg7m/travel_advice_needed_for_my_parents_first/
Reddit,r/vietnam,2026-01-03,First-time Vietnam trip from India 🇮🇳 in March – Birthday trip for my girlfriend 🎂 | Package vs DIY? Tips to save money?,0.9081,0.21231884057971012,0.699365652173913,Positive,0.47479296066252585,0.0,0,0,0,0,0,0,0,0,0,12,https://reddit.com/r/VietNam/comments/1q31aw6/firsttime_vietnam_trip_from_india_in_march/
Reddit,r/travel,2026-01-01,Vietnam expedited e-visa help,0.4867,0.00505050505050506,0.3422051515151515,Positive,0.4222222222222223,0.0,0,0,0,0,0,0,0,0,0,9,https://reddit.com/r/travel/comments/1q0ynk7/vietnam_expedited_evisa_help/
Reddit,r/vietnam,2025-12-31,Vietnam No Fee ATM (Dec25/Jan26),0.7477,0.29261111111111116,0.6111733333333333,Positive,0.5926666666666667,0.0,0,0,0,0,0,0,0,0,29,35,https://reddit.com/r/VietNam/comments/1q0f1x5/vietnam_no_fee_atm_dec25jan26/
Reddit,r/solotravel,2025-12-27,Itinerary help please?,0.9141,0.12386363636363636,0.6770290909090908,Positive,0.2786195286195286,0.0,0,0,0,0,0,0,0,0,1,14,https://reddit.com/r/solotravel/comments/1pwxpso/itinerary_help_please/
Reddit,r/travel,2025-12-27,Ideal Itinerary - What do you think?!,0.8473,0.19510489510489512,0.6516414685314685,Positive,0.33667443667443664,0.0,0,0,0,0,0,0,0,0,0,7,https://reddit.com/r/travel/comments/1pwxkzo/ideal_itinerary_what_do_you_think/
Reddit,r/vietnam,2025-12-26,Vietnam solo trip experience,0.9471,0.20129629629629633,0.7233588888888889,Positive,0.4075925925925926,0.0,0,0,0,0,0,0,0,0,55,14,https://reddit.com/r/VietNam/comments/1pvw56c/vietnam_solo_trip_experience/
Reddit,r/vietnam,2025-12-26,First solo trip to Vietnam (HCMC → Hanoi) – what should I prepare and expect?,0.9216,0.2013888888888889,0.7055366666666666,Positive,0.412037037037037,0.0,0,0,0,0,0,0,0,0,2,14,https://reddit.com/r/VietNam/comments/1pvuhnn/first_solo_trip_to_vietnam_hcmc_hanoi_what_should/
Reddit,r/solotravel,2025-12-24,Trip Report: 3 weeks in Ghana (very long post),0.9306,0.19304761904761902,0.7093342857142857,Positive,0.3636349206349206,0.0,0,0,0,0,0,0,0,0,113,19,https://reddit.com/r/solotravel/comments/1puizgw/trip_report_3_weeks_in_ghana_very_long_post/
Reddit,r/vietnam,2025-12-22,2 Months Vietnam (Jan–March) solo by motorcycle. Any Advice?,-0.2263,0.14648148148148146,-0.11446555555555556,Neutral,0.3422222222222222,6.5,0,0,0,0,0,0,0,0,46,43,https://reddit.com/r/VietNam/comments/1psyw0i/2_months_vietnam_janmarch_solo_by_motorcycle_any/
Reddit,r/vietnam,2025-12-19,Vietnam is worst country I’ve visited,-0.9269,-0.15918367346938775,-0.6965851020408163,Negative,0.5479591836734693,42.9,0,0,0,0,0,0,0,0,0,68,https://reddit.com/r/VietNam/comments/1pqi4ce/vietnam_is_worst_country_ive_visited/
Reddit,r/solotravel,2025-12-14,Horror story travelling to Russia,-0.9318,-0.0322222222222222,-0.6619266666666667,Negative,0.3466666666666666,38.9,0,0,0,0,0,0,0,0,2053,561,https://reddit.com/r/solotravel/comments/1pma65u/horror_story_travelling_to_russia/
Reddit,r/travel,2025-12-06,"2026 summer exotic destination for relax/active trip outside EU (budget ~$5,000 total)",0.7096,0.11927083333333335,0.53250125,Positive,0.5072916666666667,0.0,0,1,0,0,0,0,1,0,7,29,https://reddit.com/r/travel/comments/1pg3eeg/2026_summer_exotic_destination_for_relaxactive/
Reddit,r/solotravel,2025-12-05,Vietnam overrated or am I just unlucky?,0.9598,0.2645833333333333,0.7512349999999999,Positive,0.5724116161616162,0.0,0,1,0,0,0,0,0,0,385,212,https://reddit.com/r/solotravel/comments/1pejxr8/vietnam_overrated_or_am_i_just_unlucky/
Reddit,r/solotravel,2025-11-30,Planning solo trips early next year – looking for advice!,0.867,0.18174603174603177,0.6614238095238095,Positive,0.5293650793650793,0.0,0,0,0,0,0,0,0,0,9,18,https://reddit.com/r/solotravel/comments/1palnx0/planning_solo_trips_early_next_year_looking_for/
Reddit,r/vietnam,2025-11-26,Possible taxi scam?,-0.9127,0.03,-0.62989,Negative,0.755,45.6,1,0,0,0,0,0,1,0,2,9,https://reddit.com/r/VietNam/comments/1p6vbyj/possible_taxi_scam/
Reddit,r/solotravel,2025-11-24,Thought traveling would be better than rotting at home but 6 months and im still lonely,0.5994,0.05333333333333334,0.43558,Positive,0.4688888888888888,0.0,0,0,0,0,0,0,0,0,568,192,https://reddit.com/r/solotravel/comments/1p5m9jk/thought_traveling_would_be_better_than_rotting_at/
Reddit,r/travel,2025-11-19,Bangkok Airport -&gt; City centre taxi scam WITH meter,-0.4497,0.2713553113553114,-0.23338340659340656,Negative,0.5093970132431671,19.0,1,0,0,0,0,0,0,0,9,9,https://reddit.com/r/travel/comments/1p19zh6/bangkok_airport_city_centre_taxi_scam_with_meter/
Reddit,r/travel,2025-11-15,I've been to 105 countries. Here's a my list that no one cares about in terms of best of best,0.9468,0.41277056277056273,0.7865911688311688,Positive,0.49251443001443007,0.0,0,0,1,0,0,0,0,0,7847,2136,https://reddit.com/r/travel/comments/1oy0h9n/ive_been_to_105_countries_heres_a_my_list_that_no/
Reddit,r/vietnam,2025-11-15,2 Weeks North + South Plan,-0.1952,0.2270833333333333,-0.06851500000000002,Neutral,0.3875,9.5,0,0,0,0,0,0,1,0,0,0,https://reddit.com/r/VietNam/comments/1oy1rn5/2_weeks_north_south_plan/
Reddit,r/vietnam,2025-11-13,"Vietnam is basically off limits now to tourists with THC in their system, right? You can be arrested and held for ~16 days if you test positive.",0.6124,0.0789127539127539,0.4523538261738262,Positive,0.4991341991341992,0.0,0,0,0,0,0,0,0,0,2,84,https://reddit.com/r/VietNam/comments/1ovukwd/vietnam_is_basically_off_limits_now_to_tourists/
Reddit,r/travel,2025-11-07,kiwi.com/booking.com possible scam...advice?,-0.4588,0.020138888888888887,-0.3151183333333333,Negative,0.4791666666666667,24.7,0,0,1,0,0,0,0,0,0,10,https://reddit.com/r/travel/comments/1oqz8i4/kiwicombookingcom_possible_scamadvice/
Reddit,r/vietnam,2025-11-05,The only true scam in Vietnam,-0.4019,-0.012500000000000006,-0.28507999999999994,Negative,0.6074999999999999,17.5,0,0,0,0,0,0,0,0,715,121,https://reddit.com/r/VietNam/comments/1oozn2i/the_only_true_scam_in_vietnam/
Reddit,r/solotravel,2025-11-05,Beautiful Vietnam (Northern part),0.9787,0.2736495388669302,0.767184861660079,Positive,0.543840579710145,0.0,0,0,0,0,0,0,0,0,14,8,https://reddit.com/r/solotravel/comments/1oow3zm/beautiful_vietnam_northern_part/
Reddit,r/travel,2025-11-05,Beautiful Vietnam (Northern Part),0.9787,0.2736495388669302,0.767184861660079,Positive,0.543840579710145,0.0,0,0,0,0,0,0,0,0,2507,54,https://reddit.com/r/travel/comments/1oow5kx/beautiful_vietnam_northern_part/
Reddit,r/vietnam,2025-11-04,"Vietnam 2010 vs 2025, what are the major changes?",-0.7311,0.060586734693877556,-0.4935939795918367,Negative,0.463265306122449,37.9,1,0,1,0,0,0,0,0,23,56,https://reddit.com/r/VietNam/comments/1onxb3z/vietnam_2010_vs_2025_what_are_the_major_changes/
Reddit,r/vietnam,2025-10-31,"Answers to ""Vietnam Weather Update""",0.91,0.14071593915343913,0.6792147817460318,Positive,0.44212136243386246,0.0,0,0,0,0,0,0,0,0,33,12,https://reddit.com/r/VietNam/comments/1oko458/answers_to_vietnam_weather_update/
Reddit,r/vietnam,2025-10-30,My thoughts on Dalat after staying for 6 months,-0.7064,0.16680672268907565,-0.44443798319327726,Negative,0.43130252100840333,26.6,0,0,0,0,0,0,0,0,216,62,https://reddit.com/r/VietNam/comments/1ojwhf7/my_thoughts_on_dalat_after_staying_for_6_months/
Reddit,r/vietnam,2025-10-11,Just got scammed by Taxi in Hanoi,-0.959,0.010000000000000009,-0.6682999999999999,Negative,0.3833333333333333,44.1,0,0,1,0,0,0,0,0,0,63,https://reddit.com/r/VietNam/comments/1o3unxv/just_got_scammed_by_taxi_in_hanoi/
Reddit,r/solotravel,2025-10-03,"Vietnam solo trip, need advice.",0.7964,0.05416666666666666,0.57373,Positive,0.4375,0.0,0,0,0,0,0,0,0,0,6,19,https://reddit.com/r/solotravel/comments/1nwzxbo/vietnam_solo_trip_need_advice/
Reddit,r/vietnam,2025-09-27,Taxi Scam in Vietnam,0.296,0.08293650793650793,0.23208095238095233,Positive,0.5083333333333333,1.5,1,0,1,0,0,0,0,0,28,12,https://reddit.com/r/VietNam/comments/1ns0kxm/taxi_scam_in_vietnam/
Reddit,r/vietnam,2025-09-27,Massage Scam in Nam Dinh - AVOID!,-0.8415,-0.017708333333333336,-0.5943625,Negative,0.5489583333333333,34.7,0,0,0,0,0,0,0,0,259,65,https://reddit.com/r/VietNam/comments/1ns6hnd/massage_scam_in_nam_dinh_avoid/
Reddit,r/vietnam,2025-09-22,NEED ADVICE | First-time trip to Vietnam 🇻🇳,0.7469,0.08888888888888889,0.5494966666666666,Positive,0.40648148148148144,0.0,0,0,0,0,0,0,0,0,23,86,https://reddit.com/r/VietNam/comments/1nnkwzd/need_advice_firsttime_trip_to_vietnam/
Reddit,r/vietnam,2025-09-08,Taxi scam,0.3071,0.020833333333333343,0.22121999999999997,Positive,0.40208333333333335,0.0,1,0,0,0,0,0,0,0,88,59,https://reddit.com/r/VietNam/comments/1nbnb6n/taxi_scam/
Reddit,r/solotravel,2025-09-02,"Trip Report: Part 1 - India 2025 (Delhi, Agra, Jaipur)",0.8074,0.15042087542087546,0.6103062626262626,Positive,0.4585016835016835,0.0,0,0,1,0,0,0,0,0,19,15,https://reddit.com/r/solotravel/comments/1n6cqa4/trip_report_part_1_india_2025_delhi_agra_jaipur/
Reddit,r/vietnam,2025-09-02,Scams to Watch Out for in Vietnam,-0.8225,-0.075,-0.59825,Negative,0.2125,34.3,0,0,0,0,0,0,0,0,3,64,https://reddit.com/r/VietNam/comments/1n6cmxv/scams_to_watch_out_for_in_vietnam/
Reddit,r/vietnam,2025-08-25,⚠️Serious Warning about Traveling by Sleeper Bus in Vietnam (Sapa Explorer via vexere App),-0.2961,-0.06697994987468671,-0.227363984962406,Negative,0.4494360902255639,14.9,0,0,0,0,0,0,0,0,1884,514,https://reddit.com/r/VietNam/comments/1mznr3x/serious_warning_about_traveling_by_sleeper_bus_in/
Reddit,r/solotravel,2025-08-17,Trying to psych myself up for some kind of big trip. Also in a mid life crisis. How to get over the hurdle?,-0.1901,0.12037037037037036,-0.09695888888888889,Neutral,0.4018518518518518,5.6,0,0,0,0,0,0,0,0,8,31,https://reddit.com/r/solotravel/comments/1mt6ot9/trying_to_psych_myself_up_for_some_kind_of_big/
Reddit,r/vietnam,2025-08-13,It’s Time for Viet Kieus to Make Peace With Our Parents,-0.0129,-0.06700828157349896,-0.029132484472049688,Neutral,0.4406107660455486,3.8,0,0,0,0,0,0,0,0,0,10,https://reddit.com/r/VietNam/comments/1mozqlv/its_time_for_viet_kieus_to_make_peace_with_our/
Reddit,r/solotravel,2025-08-12,First solo travel to Vietnam - Report,0.7485,0.185,0.57945,Positive,0.3441666666666667,0.0,0,0,0,0,0,0,0,0,155,76,https://reddit.com/r/solotravel/comments/1mo3tbz/first_solo_travel_to_vietnam_report/
Reddit,r/vietnam,2025-08-06,Suggest an area to stay in and how not to be an annoying expat.,0.5358,0.057870370370370364,0.3924211111111111,Positive,0.3759259259259259,0.0,0,0,0,0,0,0,0,0,0,28,https://reddit.com/r/VietNam/comments/1miqfg8/suggest_an_area_to_stay_in_and_how_not_to_be_an/
Reddit,r/vietnam,2025-08-04,"Beware of the scam Car Rental Company in Vietnam: ""Kha Tran Service &amp; Service Co. Ltd.""",-0.8957,-0.06913265306122449,-0.6477297959183674,Negative,0.2858843537414966,36.4,0,0,0,0,0,0,0,0,18,9,https://reddit.com/r/VietNam/comments/1mhdpek/beware_of_the_scam_car_rental_company_in_vietnam/
Reddit,r/vietnam,2025-08-04,Hoi An Old Town seemed like hell…THANK YOU REDDITORS,0.9256,0.24384057971014492,0.7210721739130435,Positive,0.4503623188405797,0.0,0,1,1,0,0,0,0,0,190,144,https://reddit.com/r/VietNam/comments/1mhgx19/hoi_an_old_town_seemed_like_hellthank_you/
Reddit,r/vietnam,2025-08-03,first time in Vietnam - solotripping as a woman (for a few days!),0.4118,0.057986111111111106,0.3056558333333333,Positive,0.4138888888888889,0.0,0,0,0,0,0,0,0,0,9,16,https://reddit.com/r/VietNam/comments/1mgqv3i/first_time_in_vietnam_solotripping_as_a_woman_for/
Reddit,r/vietnam,2025-07-28,Hoi An: a rant,0.5589,0.08474164724164722,0.4166524941724941,Positive,0.5985334110334111,0.0,0,1,0,0,0,0,0,0,114,156,https://reddit.com/r/VietNam/comments/1mbtpwn/hoi_an_a_rant/
Reddit,r/vietnam,2025-07-25,[Warning] Scam hotel chain in Ho Chi Minh City – Premium Lumiere / KAS Group via Booking.com,-0.9531,-0.038194444444444454,-0.6786283333333333,Negative,0.38055555555555554,44.2,0,0,0,0,0,0,1,0,145,85,https://reddit.com/r/VietNam/comments/1m8qxgt/warning_scam_hotel_chain_in_ho_chi_minh_city/
Reddit,r/vietnam,2025-07-20,My experience solo travel in vietnam,0.8126,0.17692307692307693,0.6218969230769231,Positive,0.4623931623931624,0.0,0,0,0,0,0,0,0,0,110,70,https://reddit.com/r/VietNam/comments/1m4c72o/my_experience_solo_travel_in_vietnam/
Reddit,r/solotravel,2025-07-11,A small tip for solo travelers that I found out. Bring candy or threats everywhere you go if you want to socialize.,0.8176,0.13854166666666667,0.6138824999999999,Positive,0.45694444444444454,0.0,0,0,0,0,0,0,0,0,818,162,https://reddit.com/r/solotravel/comments/1lx6l8b/a_small_tip_for_solo_travelers_that_i_found_out/
Reddit,r/vietnam,2025-07-09,scammed ay taxi driver nd how 2 young vietnamese coffee shop workers helped me.,-0.4445,0.016666666666666663,-0.30615,Negative,0.42083333333333334,17.6,0,0,0,0,0,0,0,0,90,67,https://reddit.com/r/VietNam/comments/1lvrmcq/scammed_ay_taxi_driver_nd_how_2_young_vietnamese/
Reddit,r/travel,2025-06-19,"Tips on traveling to Asia - Vietnam, Thailand, Indonesia, Malaysia",0.5106,0.18734374999999998,0.413623125,Positive,0.6026041666666666,0.0,0,0,1,0,0,0,0,0,0,26,https://reddit.com/r/travel/comments/1lfm2fw/tips_on_traveling_to_asia_vietnam_thailand/
Reddit,r/vietnam,2025-06-19,Ho Chi Minh City Walking Street (Bùi Viện) 4 million VND Scam,-0.8555,-0.019861111111111104,-0.6048083333333333,Negative,0.36021825396825397,34.2,0,0,0,0,0,0,0,0,149,142,https://reddit.com/r/VietNam/comments/1lf9jl6/ho_chi_minh_city_walking_street_bùi_viện_4/
Reddit,r/vietnam,2025-06-18,"The worst of Vietnam scams, locals and tourists beware",-0.9246,-0.09999999999999998,-0.6772199999999999,Negative,0.85,48.1,0,0,0,0,0,0,0,0,228,56,https://reddit.com/r/VietNam/comments/1lec06q/the_worst_of_vietnam_scams_locals_and_tourists/
Reddit,r/vietnam,2025-06-11,"50cc Scooter Rental in Vietnam (Ho Chi Minh, Ninh Binh, Cat Ba, Hanoi) - Experiences &amp; Recommendations Needed!",0.8442,-0.05252525252525253,0.5751824242424242,Positive,0.42449494949494954,0.0,0,0,0,0,0,0,0,0,0,14,https://reddit.com/r/VietNam/comments/1l8qblf/50cc_scooter_rental_in_vietnam_ho_chi_minh_ninh/
Reddit,r/solotravel,2025-06-06,Got attacked in Manila,-0.2023,0.1305,-0.10246,Neutral,0.48500000000000004,8.6,0,0,0,0,0,0,0,0,360,161,https://reddit.com/r/solotravel/comments/1l4vl7a/got_attacked_in_manila/
Reddit,r/vietnam,2025-06-03,Vietnam - friendly scammers,-0.8325,0.10334821428571428,-0.5517455357142858,Negative,0.34203869047619045,37.8,0,0,1,0,0,0,0,0,150,157,https://reddit.com/r/VietNam/comments/1l2mztx/vietnam_friendly_scammers/
Reddit,r/vietnam,2025-06-01,"Fraud PSA: ""Vietnam Travel Bus""",-0.9621,-0.0030303030303030346,-0.6743790909090908,Negative,0.5856060606060606,40.6,0,0,0,0,0,0,0,0,47,17,https://reddit.com/r/VietNam/comments/1l0r4qt/fraud_psa_vietnam_travel_bus/
Reddit,r/vietnam,2025-05-27,First time in HCMC - Scammed Twice,-0.8773,0.12857142857142856,-0.5755385714285713,Negative,0.5259259259259258,42.9,0,0,1,0,0,0,1,0,85,220,https://reddit.com/r/VietNam/comments/1kwksqu/first_time_in_hcmc_scammed_twice/
Reddit,r/solotravel,2025-05-24,I'm now Medicine-Pilled after Asia,0.3464,0.09583333333333334,0.27122999999999997,Positive,0.3458333333333333,0.0,0,0,0,0,0,0,0,0,890,294,https://reddit.com/r/solotravel/comments/1ku2iim/im_now_medicinepilled_after_asia/
Reddit,r/vietnam,2025-05-19,Hanoi cyclo price?,0.8625,0.08666666666666667,0.62975,Positive,0.48525925925925933,0.0,0,0,0,0,0,0,0,0,11,30,https://reddit.com/r/VietNam/comments/1kq60js/hanoi_cyclo_price/
Reddit,r/vietnam,2025-05-16,"Avoid 12Go Asia – Driver Cancelled, No Refund, Tour Ruined, Police Report Filed",-0.9548,-0.022222222222222216,-0.6750266666666667,Negative,0.33227513227513233,40.9,0,0,0,0,0,0,0,0,145,65,https://reddit.com/r/VietNam/comments/1knua3a/avoid_12go_asia_driver_cancelled_no_refund_tour/
Reddit,r/solotravel,2025-05-11,Solo female traveler warning: my traumatic group trip to Korea with an Instagram travel company.,-0.4767,0.2772727272727273,-0.2505081818181818,Negative,0.4772727272727273,15.2,0,0,0,0,0,0,0,0,1596,251,https://reddit.com/r/solotravel/comments/1kk2pun/solo_female_traveler_warning_my_traumatic_group/
Reddit,r/vietnam,2025-05-06,Spent 2 Weeks in Hanoi After Hearing the Locals Were Rude – My Experience Was Totally Different,-0.5106,0.05299671592775042,-0.3415209852216749,Negative,0.4389983579638752,19.6,0,0,0,0,0,0,0,0,69,53,https://reddit.com/r/VietNam/comments/1kg3pga/spent_2_weeks_in_hanoi_after_hearing_the_locals/
Reddit,r/solotravel,2025-05-04,"It's not as dangerous as you think: Solo Travel Through Zambia, Africa",0.9086,0.07566176470588236,0.6587185294117647,Positive,0.5033333333333333,0.0,0,0,0,0,0,0,1,0,107,89,https://reddit.com/r/solotravel/comments/1keerjl/its_not_as_dangerous_as_you_think_solo_travel/
Reddit,r/vietnam,2025-05-04,Many rude people and getting shout at,-0.8537,-0.05918367346938775,-0.6153451020408163,Negative,0.676530612244898,41.2,0,0,1,0,0,0,0,0,95,106,https://reddit.com/r/VietNam/comments/1ketbl4/many_rude_people_and_getting_shout_at/
Reddit,r/vietnam,2025-04-29,Vietnam Cupid- mostly fake profiles and scams ?,-0.9153,-0.06388888888888888,-0.6598766666666667,Negative,0.5916666666666666,44.5,0,0,0,0,1,0,0,0,3,25,https://reddit.com/r/VietNam/comments/1kaf514/vietnam_cupid_mostly_fake_profiles_and_scams/
Reddit,r/vietnam,2025-04-24,Observations from an American after 2 weeks,0.9413,0.325218253968254,0.7564754761904762,Positive,0.5335912698412698,0.0,0,0,0,0,0,0,0,0,62,54,https://reddit.com/r/VietNam/comments/1k6ii7g/observations_from_an_american_after_2_weeks/
Reddit,r/travel,2025-04-17,Istanbul has gone over the edge as an enjoyable vacation destination. It is legitimately nothing more than a nuisance now,-0.1372,0.10599747474747477,-0.06424075757575756,Neutral,0.5508207070707071,5.6,0,0,0,0,0,0,0,0,2371,316,https://reddit.com/r/travel/comments/1k1hi3f/istanbul_has_gone_over_the_edge_as_an_enjoyable/
Reddit,r/travel,2025-04-14,Have scams gotten worse in Vietnam?,-0.8679,0.024999999999999984,-0.6000300000000001,Negative,0.46249999999999997,36.4,0,0,0,0,0,0,0,0,13,22,https://reddit.com/r/travel/comments/1jz1n5e/have_scams_gotten_worse_in_vietnam/
Reddit,r/vietnam,2025-04-11,"AirBnb Experience in Vietnam, Customer Support accused me of breaking their non-discriminatory policy, and suspended my account after dealing with a scam host",-0.1326,0.017261904761904763,-0.08764142857142855,Neutral,0.5577380952380953,6.6,0,0,0,0,0,0,0,0,18,49,https://reddit.com/r/VietNam/comments/1jwszcc/airbnb_experience_in_vietnam_customer_support/
Reddit,r/vietnam,2025-04-01,March 2025 Vietnam travel recap,0.6059,0.0511437908496732,0.4394731372549019,Positive,0.4924836601307189,0.0,0,0,0,0,0,0,0,0,2,0,https://reddit.com/r/VietNam/comments/1joqlfl/march_2025_vietnam_travel_recap/
Reddit,r/solotravel,2025-03-27,"SEA trip report: Vietnam, Cambodia, Laos",0.4594,0.2866666666666667,0.40758,Positive,0.505,0.0,0,0,1,0,0,0,1,0,21,17,https://reddit.com/r/solotravel/comments/1jkugjq/sea_trip_report_vietnam_cambodia_laos/
Reddit,r/solotravel,2025-03-25,"3 Years ago I went to my first solo travel for 7 days in London, today I (28M) came back from 7 months in SEA (Thailand, Laos, Cambodia, Vietnam, Taiwan) fulfilling my dream from back then - Introvert story (+ My full guide of tips and itinerary)",0.7351,0.21333333333333337,0.57857,Positive,0.3977777777777778,0.0,0,0,0,0,0,0,0,0,246,36,https://reddit.com/r/solotravel/comments/1jjr7wh/3_years_ago_i_went_to_my_first_solo_travel_for_7/
Reddit,r/vietnam,2025-03-23,Three Months in Vietnam...,0.5106,0.0559920634920635,0.3742176190476191,Positive,0.4587301587301587,0.0,0,0,0,0,0,0,0,0,122,19,https://reddit.com/r/VietNam/comments/1jhxgbl/three_months_in_vietnam/
Reddit,r/vietnam,2025-03-18,HANOI TAXI SCAM,-0.8816,0.1,-0.58712,Negative,0.375,38.5,1,0,0,0,0,0,0,0,119,87,https://reddit.com/r/VietNam/comments/1je60u6/hanoi_taxi_scam/
Reddit,r/vietnam,2025-03-12,Thoughts on Vietnam from a 50 year old,0.8248,0.1831439393939394,0.6323031818181818,Positive,0.47840909090909095,0.0,0,0,0,0,0,0,0,0,613,180,https://reddit.com/r/VietNam/comments/1j98yyz/thoughts_on_vietnam_from_a_50_year_old/
Reddit,r/solotravel,2025-03-11,Help planning a trip to Vietnam for a terrified 2nd time female solo traveller with social anxiety,-0.8016,0.0619047619047619,-0.5425485714285714,Negative,0.3821428571428571,36.1,0,0,0,0,1,0,0,0,0,48,https://reddit.com/r/solotravel/comments/1j8juxq/help_planning_a_trip_to_vietnam_for_a_terrified/
Reddit,r/vietnam,2025-03-08,About Nightclubs in Vietnam?,0.7579,-0.07142857142857141,0.5091014285714285,Positive,0.7101190476190476,0.0,0,1,0,0,0,0,0,0,11,41,https://reddit.com/r/VietNam/comments/1j6k8ka/about_nightclubs_in_vietnam/
Reddit,r/vietnam,2025-03-04,Question about flying to HCMC,0.6046,0.08750000000000001,0.44947,Positive,0.3910714285714286,0.0,0,0,0,0,0,0,0,0,0,22,https://reddit.com/r/VietNam/comments/1j3oc02/question_about_flying_to_hcmc/
Reddit,r/travel,2025-02-19,"Impossible to use the Vietnamese evisa site, having to use an agent, is this normal?",0.674,-0.07982456140350877,0.4478526315789474,Positive,0.4798245614035088,0.0,0,0,0,0,0,0,0,0,1,34,https://reddit.com/r/travel/comments/1isz32a/impossible_to_use_the_vietnamese_evisa_site/
Reddit,r/vietnam,2025-02-18,Travelling SIM card help,0.7367,0.24394557823129248,0.5888736734693877,Positive,0.3647278911564626,0.0,0,1,0,0,0,0,0,0,0,4,https://reddit.com/r/VietNam/comments/1is9grb/travelling_sim_card_help/
Reddit,r/vietnam,2025-02-03,"Out Of The Two, Would You Choose Thailand Or Vietnam And Why?",0.25,0.00625,0.17687499999999998,Neutral,0.4354166666666667,0.0,0,0,0,0,0,0,0,0,45,113,https://reddit.com/r/VietNam/comments/1igqy61/out_of_the_two_would_you_choose_thailand_or/
Reddit,r/vietnam,2025-01-27,A Disappointing Journey—Was It Just Bad Luck?,-0.3919,0.04454545454545454,-0.26096636363636366,Negative,0.584561403508772,22.8,0,1,0,0,0,0,0,0,2,86,https://reddit.com/r/VietNam/comments/1ibd4fz/a_disappointing_journeywas_it_just_bad_luck/
Reddit,r/vietnam,2025-01-25,Dont Get Scammed: Official Mobile Plan (VietTel) for anyone travelling to VietNam,0.5559,0.0,0.3891299999999999,Positive,1.0,0.0,0,0,0,0,0,0,0,0,229,157,https://reddit.com/r/VietNam/comments/1i9kn66/dont_get_scammed_official_mobile_plan_viettel_for/
Reddit,r/vietnam,2025-01-24,Coconut drink scam,-0.8089,0.15868055555555557,-0.5186258333333332,Negative,0.4145833333333333,29.8,0,0,0,0,0,0,0,0,36,147,https://reddit.com/r/VietNam/comments/1i8ncnz/coconut_drink_scam/
Reddit,r/solotravel,2025-01-13,"Trip Report - 3 Months South East Asia (Thailand, Laos, Cambodia, Vietnam)",0.8957,0.15,0.6719900000000001,Positive,0.3295454545454546,0.0,0,1,0,0,0,0,0,0,113,41,https://reddit.com/r/solotravel/comments/1i0p9oy/trip_report_3_months_south_east_asia_thailand/
Reddit,r/travel,2025-01-11,Total Expenses from 28 days in South America (2 ppl in 30's),0.7476,0.0629399585921325,0.5422019875776397,Positive,0.4842650103519668,0.0,0,0,0,0,0,0,0,0,85,4,https://reddit.com/r/travel/comments/1hz91g7/total_expenses_from_28_days_in_south_america_2/
Reddit,r/vietnam,2025-01-09,The scams are insane,-0.6708,-0.17499999999999996,-0.5220599999999999,Negative,0.6916666666666667,30.0,0,0,0,0,0,0,0,0,407,282,https://reddit.com/r/VietNam/comments/1hxbds2/the_scams_are_insane/
Reddit,r/vietnam,2025-01-08,Vietnam - Blackjack scam,-0.7227,-0.06732804232804233,-0.5260884126984127,Negative,0.6021164021164022,34.0,0,0,1,0,0,0,0,0,22,53,https://reddit.com/r/VietNam/comments/1hwegbl/vietnam_blackjack_scam/
Reddit,r/vietnam,2025-01-04,Report: Our 22-Day Trip from South to North,0.6808,0.25333333333333335,0.5525599999999999,Positive,0.5433333333333333,0.0,0,0,1,0,0,0,0,0,32,10,https://reddit.com/r/VietNam/comments/1htgwak/report_our_22day_trip_from_south_to_north/
Reddit,r/vietnam,2025-01-01,Shoe cleaner scam in HCMC,-0.704,0.0692982456140351,-0.47201052631578944,Negative,0.35964912280701755,27.1,0,0,0,0,0,0,0,0,15,36,https://reddit.com/r/VietNam/comments/1hqry61/shoe_cleaner_scam_in_hcmc/
Reddit,r/vietnam,2024-12-23,Do people even love Vietnam here?,-0.8777,0.11179138321995463,-0.5808525850340136,Negative,0.5510204081632653,35.1,0,0,0,0,0,0,0,0,314,294,https://reddit.com/r/VietNam/comments/1hkfy5i/do_people_even_love_vietnam_here/
Reddit,r/vietnam,2024-12-13,Just got back from Vietnam,0.9042,0.13026315789473683,0.672018947368421,Positive,0.4559941520467837,0.0,0,0,0,0,0,0,0,0,281,119,https://reddit.com/r/VietNam/comments/1hdm0dt/just_got_back_from_vietnam/
Reddit,r/travel,2024-12-11,"Headed to Vietnam and Cambodia next month, joining a women’s adventure retreat.",0.9109,0.5,0.78763,Positive,0.4,0.0,0,0,0,0,0,0,0,0,9,26,https://reddit.com/r/travel/comments/1hbxd4t/headed_to_vietnam_and_cambodia_next_month_joining/
Reddit,r/vietnam,2024-11-25,"Hello everyone, I come from Vietnam. Currently, I'm being scammed by pionan.com for 20k USD. Can you suggest me a solution or get this money back for me because it's all I have. Thank you very much everyone",0.2648,0.13,0.22435999999999998,Positive,0.23,0.0,0,0,0,0,0,0,0,0,10,54,https://reddit.com/r/VietNam/comments/1gzefd2/hello_everyone_i_come_from_vietnam_currently_im/
Reddit,r/solotravel,2024-11-15,Four months 'round the world - Part 1 - India,0.1779,0.1699862258953168,0.17552586776859502,Neutral,0.3480853994490358,0.0,0,0,0,0,0,0,0,0,22,4,https://reddit.com/r/solotravel/comments/1grq77n/four_months_round_the_world_part_1_india/
Reddit,r/vietnam,2024-11-15,"Got scammed by a taxi, learn from me",-0.9169,0.009999999999999993,-0.63883,Negative,0.2694444444444445,37.1,0,0,0,0,0,0,0,0,251,162,https://reddit.com/r/VietNam/comments/1grpo2a/got_scammed_by_a_taxi_learn_from_me/
Reddit,r/vietnam,2024-11-04,Most tourist visiting Vietnam never return. Your thoughts?,-0.4588,0.2,-0.26115999999999995,Negative,0.48,16.9,0,0,0,0,0,0,0,0,280,697,https://reddit.com/r/VietNam/comments/1gjea2t/most_tourist_visiting_vietnam_never_return_your/
Reddit,r/vietnam,2024-11-01,"Going to Vietnam very soon, and I have several questions. Please answer as many as you can",0.9169,0.11226088726088729,0.6755082661782662,Positive,0.4013329263329263,0.0,0,0,0,1,0,0,0,0,0,27,https://reddit.com/r/VietNam/comments/1ggzeh2/going_to_vietnam_very_soon_and_i_have_several/
Reddit,r/vietnam,2024-10-29,Just landed in Phu Quoc and immediately feel like leaving,0.9657,0.20809228650137743,0.7384176859504132,Positive,0.4454545454545454,0.0,0,0,0,0,0,0,0,0,126,222,https://reddit.com/r/VietNam/comments/1ger72y/just_landed_in_phu_quoc_and_immediately_feel_like/
Reddit,r/vietnam,2024-10-28,The scams in Vietnam are exhausting,-0.8934,-0.06581196581196579,-0.6451235897435896,Negative,0.44957264957264953,41.2,0,1,0,0,0,0,0,0,899,546,https://reddit.com/r/VietNam/comments/1gdv5o1/the_scams_in_vietnam_are_exhausting/
Reddit,r/vietnam,2024-10-26,Did I get ripped off?,0.6088,0.19930555555555554,0.48595166666666667,Positive,0.46111111111111114,0.0,0,1,0,0,0,0,0,0,0,31,https://reddit.com/r/VietNam/comments/1gckv2s/did_i_get_ripped_off/
Reddit,r/solotravel,2024-10-03,Racism while traveling,-0.946,-0.017468805704099824,-0.6674406417112299,Negative,0.46470588235294125,39.6,0,0,0,0,0,0,0,0,785,243,https://reddit.com/r/solotravel/comments/1fvkrnu/racism_while_traveling/
Reddit,r/travel,2024-09-30,"If You Can Handle India, Can You Handle Egypt? A Solo Traveler’s Experience",0.4215,0.10554511278195487,0.32671353383458646,Positive,0.4213032581453634,0.0,0,0,0,0,0,0,0,0,601,180,https://reddit.com/r/travel/comments/1fst66x/if_you_can_handle_india_can_you_handle_egypt_a/
Reddit,r/vietnam,2024-09-16,"How to avoid being overcharged with ""foreigner prices""?",0.6869,0.22777777777777775,0.5491633333333332,Positive,0.44722222222222224,0.0,0,1,1,0,0,0,0,0,10,73,https://reddit.com/r/VietNam/comments/1fi7gaq/how_to_avoid_being_overcharged_with_foreigner/
Reddit,r/vietnam,2024-09-14,Bro just got scammed in Vietnam,-0.6705,0.0,-0.46934999999999993,Negative,1.0,35.2,0,0,0,0,0,0,0,0,923,235,https://reddit.com/r/VietNam/comments/1fgjs0x/bro_just_got_scammed_in_vietnam/
Reddit,r/vietnam,2024-09-12,"I asked ChatGPT ""Can you roast r/Vietnam on reddit?""",0.2378,0.11197916666666666,0.20005375,Positive,0.3411458333333333,0.0,0,1,0,0,0,0,0,0,75,31,https://reddit.com/r/VietNam/comments/1ff61hl/i_asked_chatgpt_can_you_roast_rvietnam_on_reddit/
Reddit,r/vietnam,2024-08-27,[Rant] Concerning the ‘terrible rudeness’ of the Vietnamese people towards tourists.,-0.891,-0.008755050505050502,-0.626326515151515,Negative,0.4779823232323232,36.2,0,0,0,0,0,0,0,0,133,182,https://reddit.com/r/VietNam/comments/1f2ce9f/rant_concerning_the_terrible_rudeness_of_the/
Reddit,r/travel,2024-08-23,Travel recommendation for November/December,0.5784,-0.03409722222222222,0.39465083333333334,Positive,0.3968055555555555,0.0,0,0,1,0,0,0,0,0,2,12,https://reddit.com/r/travel/comments/1ezbhtm/travel_recommendation_for_novemberdecember/
Reddit,r/solotravel,2024-08-19,Trip Report: Vietnam/Thailand - One Month,0.9319,0.3136363636363636,0.7464209090909091,Positive,0.43005050505050507,0.0,0,0,1,0,0,0,0,0,44,21,https://reddit.com/r/solotravel/comments/1evx35o/trip_report_vietnamthailand_one_month/
Reddit,r/vietnam,2024-08-15,"Disappointed, violated and disgusted with poor treatment from Vietnam locals",-0.2263,-0.05606060606060606,-0.1752281818181818,Neutral,0.5372632575757575,17.8,0,0,0,1,0,0,0,0,668,749,https://reddit.com/r/VietNam/comments/1esq51d/disappointed_violated_and_disgusted_with_poor/
Reddit,r/vietnam,2024-08-12,Has Vietnam gotten worse in the last one year?,-0.9391,0.03437499999999999,-0.6470575000000001,Negative,0.32604166666666673,42.2,0,1,0,0,0,0,0,0,151,139,https://reddit.com/r/VietNam/comments/1epzill/has_vietnam_gotten_worse_in_the_last_one_year/
Reddit,r/travel,2024-08-11,Leaving Türkiye heartbroken and feeling like the entire country is set up as a scam,-0.2789,0.10921052631578948,-0.16246684210526313,Neutral,0.499122807017544,17.0,0,1,0,0,0,0,0,0,15431,743,https://reddit.com/r/travel/comments/1epj1jn/leaving_türkiye_heartbroken_and_feeling_like_the/
Reddit,r/solotravel,2024-08-01,South Korea + SEA 4 Month Backpacking Trip,0.0258,0.08632154882154881,0.043956464646464646,Neutral,0.40008417508417504,0.0,0,0,0,0,0,0,0,0,26,22,https://reddit.com/r/solotravel/comments/1ehdqjq/south_korea_sea_4_month_backpacking_trip/
Reddit,r/travel,2024-07-23,"VIETNAM roadtrip, North East (inc Ha Giang). Extensive report + pics and videos.",0.34,0.15944444444444444,0.28583333333333333,Positive,0.4222222222222223,0.0,0,0,0,0,0,0,0,0,4,8,https://reddit.com/r/travel/comments/1eaamw3/vietnam_roadtrip_north_east_inc_ha_giang/
Reddit,r/vietnam,2024-07-22,Scam operation in HCMC,0.6124,0.1238927738927739,0.46584783216783215,Positive,0.357983682983683,0.0,0,0,0,0,0,0,0,0,185,90,https://reddit.com/r/VietNam/comments/1e92eov/scam_operation_in_hcmc/
Reddit,r/travel,2024-07-14,Travel tips from a somewhat experienced traveler,0.8402,0.19114583333333338,0.6454837499999999,Positive,0.6286458333333332,0.0,0,0,1,0,0,0,0,0,1,17,https://reddit.com/r/travel/comments/1e2q3hl/travel_tips_from_a_somewhat_experienced_traveler/
Reddit,r/vietnam,2024-07-11,Vietnam is no more scam riddled then its neighboring countries,-0.8953,0.01048611111111111,-0.6235641666666667,Negative,0.5159722222222223,39.7,0,1,0,0,0,0,0,0,105,108,https://reddit.com/r/VietNam/comments/1e0ozqb/vietnam_is_no_more_scam_riddled_then_its/
Reddit,r/travel,2024-06-23,Southeast Asia - tour vs self planned?,0.09,0.13534391534391535,0.10360317460317461,Neutral,0.3533068783068783,0.0,0,0,0,0,0,0,0,0,3,2,https://reddit.com/r/travel/comments/1dmwro5/southeast_asia_tour_vs_self_planned/
Reddit,r/vietnam,2024-05-19,Some tips for first time travellers to Vietnam,0.8977,0.2071527777777778,0.6905358333333333,Positive,0.43576388888888884,0.0,0,0,0,0,1,0,0,0,153,65,https://reddit.com/r/VietNam/comments/1cvkvsx/some_tips_for_first_time_travellers_to_vietnam/
Reddit,r/vietnam,2024-05-18,Just a shout out to Vietnam,0.9652,0.13114035087719303,0.7149821052631579,Positive,0.537719298245614,0.0,0,0,1,0,0,0,0,0,218,60,https://reddit.com/r/VietNam/comments/1cuzi7j/just_a_shout_out_to_vietnam/
Reddit,r/vietnam,2024-04-29,This sub is unfairly biased against Vietnam,-0.93,0.17087719298245616,-0.5997368421052631,Negative,0.5166666666666666,35.8,0,0,0,0,0,0,0,0,789,295,https://reddit.com/r/VietNam/comments/1cg117d/this_sub_is_unfairly_biased_against_vietnam/
Reddit,r/vietnam,2024-04-19,Vietnam Airlines excess baggage scam!,-0.2144,-0.009941620879120885,-0.15306248626373625,Neutral,0.49473443223443225,9.0,0,0,0,0,0,0,0,0,339,87,https://reddit.com/r/VietNam/comments/1c7q5py/vietnam_airlines_excess_baggage_scam/
Reddit,r/vietnam,2024-04-18,How to Bring Two Cats IN and OUT of Hanoi? Import/Export doc.,0.7334,0.07706349206349206,0.5364990476190477,Positive,0.39198412698412705,0.0,0,0,0,0,0,0,0,0,23,79,https://reddit.com/r/VietNam/comments/1c7f93p/how_to_bring_two_cats_in_and_out_of_hanoi/
Reddit,r/travel,2024-04-14,Got Scammed at Taksim Istanbul. Tourists beware.,0.3182,0.04484126984126984,0.23619238095238093,Positive,0.31111111111111117,0.0,0,0,0,0,0,0,0,0,1516,508,https://reddit.com/r/travel/comments/1c46bxa/got_scammed_at_taksim_istanbul_tourists_beware/
Reddit,r/solotravel,2024-04-07,Myanmar - 8 Days in Bagan &amp; Yangon,-0.765,0.0669191919191919,-0.5154242424242425,Negative,0.38383838383838387,33.2,0,0,1,0,0,0,0,0,78,63,https://reddit.com/r/solotravel/comments/1byaoug/myanmar_8_days_in_bagan_yangon/
Reddit,r/vietnam,2024-03-29,"Question about Tattoo Pricing in Hanoi, Vietnam.",0.8173,0.178030303030303,0.6255190909090909,Positive,0.4795454545454545,0.0,0,1,0,0,0,0,0,0,0,20,https://reddit.com/r/VietNam/comments/1bqleiz/question_about_tattoo_pricing_in_hanoi_vietnam/
Reddit,r/vietnam,2024-03-18,Locked in car and scammed by taxi driver…,0.6369,0.1013888888888889,0.47624666666666665,Positive,0.6388888888888888,0.0,0,0,0,0,0,0,0,0,964,271,https://reddit.com/r/VietNam/comments/1bhknnw/locked_in_car_and_scammed_by_taxi_driver/
Reddit,r/vietnam,2024-03-16,For $8+ We rented a motorbike in Vietnam,-0.0746,0.23888888888888893,0.019446666666666675,Neutral,0.5259259259259259,6.5,0,1,0,0,0,0,0,0,227,105,https://reddit.com/r/VietNam/comments/1bfv5c8/for_8_we_rented_a_motorbike_in_vietnam/
Reddit,r/vietnam,2024-03-15,My impressions from Vietnam,-0.7391,0.078125,-0.4939325,Negative,0.37187499999999996,32.3,0,1,0,0,0,0,0,0,177,93,https://reddit.com/r/VietNam/comments/1bfb0y2/my_impressions_from_vietnam/
Reddit,r/vietnam,2024-03-14,Warning to travellers wanting to get train tickets: avoid vietnam-railway.com,-0.6705,0.08177083333333333,-0.44481874999999993,Negative,0.3416666666666667,26.4,0,0,0,0,0,0,0,0,6,0,https://reddit.com/r/VietNam/comments/1bej9jw/warning_to_travellers_wanting_to_get_train/
Reddit,r/travel,2024-03-01,Did i get officially scammed on an Emergency Visa at HoChiMinh Aiport.,-0.8338,0.002083333333333349,-0.583035,Negative,0.26458333333333334,32.3,0,0,0,0,0,0,0,0,0,8,https://reddit.com/r/travel/comments/1b3hub5/did_i_get_officially_scammed_on_an_emergency_visa/
Reddit,r/vietnam,2024-02-29,My father is being romance scammed by women in Vietnam and I don't know what to do.,-0.2617,-0.1515151515151515,-0.22864454545454543,Negative,0.37424242424242427,12.8,0,0,0,0,0,0,0,0,136,141,https://reddit.com/r/VietNam/comments/1b3cezo/my_father_is_being_romance_scammed_by_women_in/
Reddit,r/vietnam,2024-02-26,Tips for solo female traveler,-0.1901,0.12142857142857144,-0.09664142857142857,Neutral,0.36428571428571427,16.6,0,0,1,0,0,0,1,0,1,9,https://reddit.com/r/VietNam/comments/1b06mmc/tips_for_solo_female_traveler/
Reddit,r/solotravel,2024-02-19,Travelling to Vietnam in September,0.8442,0.18800075585789872,0.6473402267573696,Positive,0.47157974300831446,0.0,0,0,0,0,0,0,0,0,0,7,https://reddit.com/r/solotravel/comments/1auturj/travelling_to_vietnam_in_september/
Reddit,r/travel,2024-02-15,Vietnam during Tet - a brief trip report,0.6276,0.22803992303992307,0.5077319769119769,Positive,0.4615127465127464,0.0,0,0,0,0,0,0,0,0,15,6,https://reddit.com/r/travel/comments/1ar3evu/vietnam_during_tet_a_brief_trip_report/
Reddit,r/vietnam,2024-01-31,(Scam) The Sinh Tourist - Ha Noi,-0.8125,-0.05238095238095236,-0.5844642857142857,Negative,0.5333333333333333,33.1,0,0,0,0,0,0,0,0,403,120,https://reddit.com/r/VietNam/comments/1af6jrg/scam_the_sinh_tourist_ha_noi/
Reddit,r/solotravel,2024-01-30,"Day One, not feeling great",-0.9644,0.11725146198830412,-0.6399045614035088,Negative,0.4230994152046784,38.1,0,0,0,0,0,0,0,0,148,183,https://reddit.com/r/solotravel/comments/1aemej7/day_one_not_feeling_great/
Reddit,r/vietnam,2024-01-28,Vietnamese Poeple and Scamming,-0.836,-0.08333333333333333,-0.6102,Negative,0.38333333333333336,33.1,0,0,0,0,0,0,0,0,349,374,https://reddit.com/r/VietNam/comments/1acs9ym/vietnamese_poeple_and_scamming/
Reddit,r/solotravel,2024-01-23,Vietjet website &amp; app issue. HELP!,-0.8755,-0.12875,-0.6514749999999999,Negative,0.5033333333333333,41.4,0,1,0,0,0,0,0,0,2,5,https://reddit.com/r/solotravel/comments/19dgp3n/vietjet_website_app_issue_help/
Reddit,r/solotravel,2024-01-07,Losing my mind over pushy people in Cairo,-0.3892,0.02797619047619048,-0.2640471428571428,Negative,0.47380952380952385,15.5,0,0,0,0,0,0,0,0,798,414,https://reddit.com/r/solotravel/comments/190ynwk/losing_my_mind_over_pushy_people_in_cairo/
Reddit,r/solotravel,2023-12-27,Please help me decide what to do for 3 weeks in February 2024: Indochina or Indonesia?,0.6124,0.43263888888888896,0.5584716666666667,Positive,0.5937499999999999,0.0,0,0,0,0,0,0,0,0,2,6,https://reddit.com/r/solotravel/comments/18s0tfc/please_help_me_decide_what_to_do_for_3_weeks_in/
Reddit,r/travel,2023-12-20,How much I spent traveling to 43 Countries in 571 Days,0.9062,0.16,0.6823400000000001,Positive,0.41500000000000004,0.0,0,0,0,0,0,0,1,0,1581,385,https://reddit.com/r/travel/comments/18n2iln/how_much_i_spent_traveling_to_43_countries_in_571/
Reddit,r/travel,2023-12-17,Hotels begging for 9-10 ratings,-0.8178,-0.020238095238095208,-0.5785314285714286,Negative,0.675595238095238,33.4,0,0,0,0,0,0,0,0,231,112,https://reddit.com/r/travel/comments/18k9qht/hotels_begging_for_910_ratings/
Reddit,r/travel,2023-12-13,Việt Nam is not so safe for foreign tourist as everybody talk,-0.1479,0.09115384615384614,-0.07618384615384616,Neutral,0.3496153846153846,11.3,0,0,0,1,0,0,0,0,0,51,https://reddit.com/r/travel/comments/18hh9yu/việt_nam_is_not_so_safe_for_foreign_tourist_as/
Reddit,r/solotravel,2023-12-13,"If I've solo traveled in the USA and Canada, am I prepared for the rest of the world?",-0.8807,0.025735294117647075,-0.6087694117647059,Negative,0.6274509803921569,33.5,0,0,0,0,0,0,0,0,3,56,https://reddit.com/r/solotravel/comments/18h9706/if_ive_solo_traveled_in_the_usa_and_canada_am_i/
Reddit,r/travel,2023-11-28,We just got scammed in Manila,-0.5833,0.04047619047619048,-0.3961671428571429,Negative,0.422420634920635,22.7,0,0,0,0,0,0,0,0,723,275,https://reddit.com/r/travel/comments/185ukyb/we_just_got_scammed_in_manila/
Reddit,r/solotravel,2023-11-27,Feeling desensitized about planning a next trip,-0.6825,0.15918367346938775,-0.4299948979591836,Negative,0.41054421768707483,29.2,0,0,0,0,0,0,1,0,25,42,https://reddit.com/r/solotravel/comments/184ypyt/feeling_desensitized_about_planning_a_next_trip/
Reddit,r/vietnam,2023-11-24,Your Western Common Senses of Safely &amp; Cultural do Not Entirely Apply in Vietnam,0.2382,0.013721804511278194,0.17085654135338346,Neutral,0.41350250626566415,0.0,0,0,0,1,0,0,0,0,0,172,https://reddit.com/r/VietNam/comments/1833uit/your_western_common_senses_of_safely_cultural_do/
Reddit,r/vietnam,2023-11-21,Things I hate when visiting Vietnam,-0.9062,-0.2900000000000001,-0.7213400000000001,Negative,0.6566666666666666,51.0,0,1,0,0,1,0,0,0,405,364,https://reddit.com/r/VietNam/comments/180ucfl/things_i_hate_when_visiting_vietnam/
Reddit,r/solotravel,2023-11-17,"The south east asia travelling tips for traveller, from a local.",0.9336,0.22777777777777777,0.7218533333333333,Positive,0.5213450292397661,0.0,0,0,0,0,0,0,1,1,148,50,https://reddit.com/r/solotravel/comments/17xjjv2/the_south_east_asia_travelling_tips_for_traveller/
Reddit,r/travel,2023-11-15,What are some of your travel highlights this 2023?,0.6269,0.31242424242424244,0.5325572727272727,Positive,0.570858585858586,0.0,0,0,0,0,0,0,0,0,34,135,https://reddit.com/r/travel/comments/17vsyp9/what_are_some_of_your_travel_highlights_this_2023/
Reddit,r/solotravel,2023-11-13,Horrible experience regarding tour itinerary change - could I please get some help?,0.6779,0.027380952380952377,0.4827442857142857,Positive,0.5446428571428571,0.0,0,0,1,0,0,0,1,0,5,7,https://reddit.com/r/solotravel/comments/17udsnl/horrible_experience_regarding_tour_itinerary/
Reddit,r/vietnam,2023-11-10,"As a tourist, what are the scams that we should be aware of and save ourselves from, in general?",0.0258,0.1,0.04806,Neutral,0.35,0.4,0,0,0,0,0,0,0,0,42,119,https://reddit.com/r/VietNam/comments/17rzwke/as_a_tourist_what_are_the_scams_that_we_should_be/
Reddit,r/travel,2023-11-08,Where to go on my first solo trip? (Turkey vs. Mexico?),0.5945,0.03519047619047619,0.4267071428571429,Positive,0.5607619047619048,0.0,0,0,0,0,0,0,0,0,0,2,https://reddit.com/r/travel/comments/17qsyvt/where_to_go_on_my_first_solo_trip_turkey_vs_mexico/
Reddit,r/vietnam,2023-10-18,Tindergame in Hanoi (be aware),0.9604,0.28695652173913044,0.7583669565217391,Positive,0.6231884057971014,0.0,0,0,0,0,0,0,0,1,248,244,https://reddit.com/r/VietNam/comments/17ap3dm/tindergame_in_hanoi_be_aware/
Reddit,r/travel,2023-10-05,TRIP REPORT: My comprehensive guide to motorbiking the Northwest of Vietnam. Still untouched by mass tourism. PICS/VIDS INCLUDED.,0.8068,0.24736111111111111,0.6389683333333332,Positive,0.4547222222222222,0.0,0,0,0,0,0,0,0,0,69,23,https://reddit.com/r/travel/comments/170h1yu/trip_report_my_comprehensive_guide_to_motorbiking/
Reddit,r/travel,2023-09-30,Worst experience ever - Egypt,-0.9571,-0.21563492063492065,-0.7346604761904761,Negative,0.5896428571428572,43.1,0,0,0,0,0,0,0,0,1784,639,https://reddit.com/r/travel/comments/16w7qji/worst_experience_ever_egypt/
Reddit,r/travel,2023-09-24,Scam Vietnam visa website,-0.4466,0.2,-0.25261999999999996,Negative,0.2,19.1,0,0,0,0,0,0,0,0,5,7,https://reddit.com/r/travel/comments/16r20ul/scam_vietnam_visa_website/
Reddit,r/vietnam,2023-09-11,Please give me tips for vietnam travel,-0.7787,0.1711734693877551,-0.4937379591836734,Negative,0.4795918367346939,29.8,0,0,0,0,0,0,0,0,44,72,https://reddit.com/r/VietNam/comments/16fw2k7/please_give_me_tips_for_vietnam_travel/
Reddit,r/travel,2023-09-01,Where to buy USD or Thai Baht in HCMC using my forex card,-0.09,0.1409090909090909,-0.020727272727272733,Neutral,0.4735930735930736,12.8,0,1,1,0,0,0,0,0,0,4,https://reddit.com/r/travel/comments/166za85/where_to_buy_usd_or_thai_baht_in_hcmc_using_my/
Reddit,r/solotravel,2023-08-16,Southeast Asia - Please Comment on My Itinerary and Questions,0.3818,-0.04375,0.25413499999999994,Positive,0.3,0.0,0,0,0,0,0,0,0,0,0,11,https://reddit.com/r/solotravel/comments/15shkfz/southeast_asia_please_comment_on_my_itinerary_and/
Reddit,r/travel,2023-08-14,"Trip report - 6 months in S. America, Asia, and Australasia",0.8225,0.18692307692307697,0.6318269230769231,Positive,0.7192307692307693,0.0,0,0,0,0,0,0,0,0,54,35,https://reddit.com/r/travel/comments/15qy29j/trip_report_6_months_in_s_america_asia_and/
Reddit,r/solotravel,2023-08-12,"I have a love/ hate relationship with India. I have been twice and each time I left, I vowed to never come back.. I'm going back in November lol.. Anyone have any travel/ Survival tips/tricks for India?",-0.128,0.08793650793650794,-0.06321904761904762,Neutral,0.4121428571428572,10.7,0,0,0,0,0,0,1,0,141,137,https://reddit.com/r/solotravel/comments/15ph1qs/i_have_a_love_hate_relationship_with_india_i_have/
Reddit,r/solotravel,2023-06-25,The post-travel high.,-0.8228,-0.009270833333333325,-0.5787412499999999,Negative,0.34677083333333336,31.8,0,0,0,0,0,0,0,0,443,80,https://reddit.com/r/solotravel/comments/14ifzgh/the_posttravel_high/
Reddit,r/travel,2023-06-23,Takeaways from my 5 month feverishly-paced world trip,0.9862,0.21406250000000002,0.75455875,Positive,0.5703125,0.0,0,0,0,1,0,0,1,0,16,18,https://reddit.com/r/travel/comments/14h7nik/takeaways_from_my_5_month_feverishlypaced_world/
Reddit,r/solotravel,2023-05-23,BEWARE: Czech Taxi Scam,0.8193,0.12343750000000002,0.6105412499999999,Positive,0.6234375000000001,0.0,1,0,1,0,0,0,0,0,9,16,https://reddit.com/r/solotravel/comments/13p9qmz/beware_czech_taxi_scam/
Reddit,r/solotravel,2023-05-18,which countries have virtually no scammers?,-0.8807,0.01414141414141415,-0.6122475757575757,Negative,0.4298611111111112,35.2,0,0,0,0,0,0,0,0,16,103,https://reddit.com/r/solotravel/comments/13klw7o/which_countries_have_virtually_no_scammers/
Reddit,r/solotravel,2023-05-17,"Borderline robbed in Nha Trang, Vietnam, never make this mistake.",-0.9643,0.07500000000000002,-0.65251,Negative,0.5773809523809524,43.3,0,0,0,1,0,0,0,0,625,265,https://reddit.com/r/solotravel/comments/13kejk6/borderline_robbed_in_nha_trang_vietnam_never_make/
Reddit,r/solotravel,2023-05-04,Advice about traveling in Pakistan without tours,-0.5017,0.1402692895339954,-0.3091092131398014,Negative,0.34474789915966386,17.3,0,0,0,0,0,0,0,0,11,16,https://reddit.com/r/solotravel/comments/137obw3/advice_about_traveling_in_pakistan_without_tours/
Reddit,r/travel,2023-04-05,Vietnam Tourist Visa Update...,0.824,0.0836038961038961,0.6018811688311688,Positive,0.3637242965367965,0.0,0,0,0,0,0,0,0,0,951,1901,https://reddit.com/r/travel/comments/12c4uzu/vietnam_tourist_visa_update/
Reddit,r/travel,2023-04-04,Can we talk about haggling?,0.6369,0.13422619047619044,0.48609785714285714,Positive,0.6446428571428572,0.0,0,1,0,0,0,0,0,0,607,262,https://reddit.com/r/travel/comments/12buegg/can_we_talk_about_haggling/
Reddit,r/travel,2023-03-07,Booked a trip to Hanoi on a whim. I leave in a week.,0.8366,0.1946969696969697,0.6440290909090909,Positive,0.47361111111111115,0.0,0,0,0,0,0,0,0,0,55,75,https://reddit.com/r/travel/comments/11lcpqf/booked_a_trip_to_hanoi_on_a_whim_i_leave_in_a_week/
Reddit,r/vietnam,2023-02-27,Yesterday a viet scammer threatened anal rape if I didn't remove an apartment review I wrote to warn tourists about that apartment scam.,-0.9908,-0.03694444444444444,-0.7046433333333333,Negative,0.5897222222222221,51.1,0,0,0,0,1,0,0,0,243,113,https://reddit.com/r/VietNam/comments/11ddpa0/yesterday_a_viet_scammer_threatened_anal_rape_if/
Reddit,r/solotravel,2023-02-20,Am I getting too old for solo travel or is India just an other level of low?,0.2828,-0.023128342245989298,0.19102149732620322,Neutral,0.4658836261777438,0.0,0,0,0,0,0,0,0,0,947,546,https://reddit.com/r/solotravel/comments/1171xuh/am_i_getting_too_old_for_solo_travel_or_is_india/
Reddit,r/travel,2023-02-13,Southeast Asia Question,-0.923,0.14464285714285713,-0.6027071428571429,Negative,0.325,40.6,0,1,0,0,0,0,0,0,0,15,https://reddit.com/r/travel/comments/110yhj7/southeast_asia_question/
Reddit,r/solotravel,2023-01-13,Why is Vietnam unfriendly towards tourists?,-0.8363,-0.1875,-0.64166,Negative,0.53,38.5,0,0,0,0,0,0,0,0,11,71,https://reddit.com/r/solotravel/comments/10b6m0i/why_is_vietnam_unfriendly_towards_tourists/
Reddit,r/solotravel,2022-12-19,BANGKOK TRIP REPORT,0.8686,0.02030885780885781,0.6141126573426573,Positive,0.4017773892773893,0.0,0,0,1,0,0,0,0,0,295,90,https://reddit.com/r/solotravel/comments/zq10wo/bangkok_trip_report/
Reddit,r/travel,2022-12-07,Vietnam Visa Tips - Failed Payment,0.6187,0.0881542699724518,0.4595362809917355,Positive,0.47465564738292004,0.0,0,0,0,0,0,0,0,0,5,5,https://reddit.com/r/travel/comments/zezo9m/vietnam_visa_tips_failed_payment/
Reddit,r/vietnam,2022-11-21,Saigon Airport Taxi Scam,0.2732,-0.03333333333333337,0.18123999999999998,Neutral,0.44152046783625726,1.8,1,0,1,0,0,0,0,0,10,9,https://reddit.com/r/VietNam/comments/z0jzrs/saigon_airport_taxi_scam/
Reddit,r/vietnam,2022-11-20,Possible Bar Scam? Going to Vietnam soon and matched a couple girls on Tinder. They independently suggested drinking at a bar or club after dinner. Heard of scams in other places where girls bring you to an place with inflated prices. Or am I just overthinking?,-0.8519,-0.03125,-0.6057049999999999,Negative,0.625,40.1,0,1,0,0,0,0,0,0,71,70,https://reddit.com/r/VietNam/comments/z00xdg/possible_bar_scam_going_to_vietnam_soon_and/
Reddit,r/travel,2022-11-19,"Five Weeks in Morocco; Beautiful Country, but the constant hustle is exhausting. You're a walking bag of money to this people, full stop.",-0.0156,0.08940476190476192,0.015901428571428577,Neutral,0.5498412698412699,8.5,0,1,0,0,0,0,0,0,2886,640,https://reddit.com/r/travel/comments/yz9srj/five_weeks_in_morocco_beautiful_country_but_the/
Reddit,r/solotravel,2022-10-24,Post Reddit Feedback 2+ Month Trip to SEAsia,0.3919,-0.021794871794871794,0.26779153846153847,Positive,0.34358974358974353,0.0,0,0,0,0,0,0,0,0,2,8,https://reddit.com/r/solotravel/comments/ycbtgf/post_reddit_feedback_2_month_trip_to_seasia/
Reddit,r/vietnam,2022-10-09,Recommendations and Cautions for travelling Northern Vietnam,0.6963,-0.06999999999999999,0.46641,Positive,0.2777777777777778,0.0,0,0,0,0,0,0,0,0,6,14,https://reddit.com/r/VietNam/comments/xzkml7/recommendations_and_cautions_for_travelling/
Reddit,r/solotravel,2022-10-02,Some scams to avoid in Thailand,-0.8532,0.09333333333333334,-0.5692399999999999,Negative,0.56,33.5,0,0,0,0,0,0,0,0,914,202,https://reddit.com/r/solotravel/comments/xth45a/some_scams_to_avoid_in_thailand/
Reddit,r/solotravel,2022-09-18,I wrote my top 20 solo travel tips while on a bus. Is there anything you think I missed?,0.8735,0.14973484848484847,0.6563704545454546,Positive,0.379810606060606,0.0,0,0,1,0,0,0,1,0,285,172,https://reddit.com/r/solotravel/comments/xhisjx/i_wrote_my_top_20_solo_travel_tips_while_on_a_bus/
Reddit,r/solotravel,2022-09-13,"What are your stories about paying the ""Dumb Tourist Tax"" - costs that a local or a traveler experienced in that country/culture would have been able to avoid?",-0.0258,0.17794612794612796,0.03532383838383839,Neutral,0.5988636363636364,6.5,0,0,1,0,0,0,0,0,509,369,https://reddit.com/r/solotravel/comments/xda3m5/what_are_your_stories_about_paying_the_dumb/
Reddit,r/travel,2022-09-10,"I'm Thai and I just got back from Bali, Indonesia. This is why I might not visit it again.",0.5859,0.19341666666666665,0.46815499999999993,Positive,0.43075,0.0,0,0,0,0,0,0,0,0,79,164,https://reddit.com/r/travel/comments/xamwfx/im_thai_and_i_just_got_back_from_bali_indonesia/
Reddit,r/travel,2022-08-22,Asking about Train trip from Milan to Rome and some questions,0.8388,0.11538461538461539,0.6217753846153845,Positive,0.4538461538461539,0.0,0,1,0,0,0,0,0,1,2,11,https://reddit.com/r/travel/comments/wuvplj/asking_about_train_trip_from_milan_to_rome_and/
Reddit,r/solotravel,2022-08-14,A word of warning for anyone planning to travel on public transit in Germany,-0.0183,0.08122916666666666,0.011558749999999998,Neutral,0.4448333333333334,2.2,0,0,0,0,0,0,0,0,535,206,https://reddit.com/r/solotravel/comments/woc7or/a_word_of_warning_for_anyone_planning_to_travel/
Reddit,r/travel,2022-06-02,More scammers in Vietnam post pandemic.,-0.5237,0.2053030303030303,-0.30499909090909094,Negative,0.6731481481481482,19.2,0,0,0,0,0,0,0,0,27,10,https://reddit.com/r/travel/comments/v35kww/more_scammers_in_vietnam_post_pandemic/
Reddit,r/travel,2021-04-06,The day I was almost murdered senselessly in Vietnam,-0.25,0.08161375661375664,-0.150515873015873,Neutral,0.3945767195767196,9.5,0,0,0,0,0,0,0,0,2277,212,https://reddit.com/r/travel/comments/mli9dn/the_day_i_was_almost_murdered_senselessly_in/
Reddit,r/solotravel,2020-12-01,Your dumbest mistake while solotravelling?,-0.836,-0.10207100591715974,-0.6158213017751478,Negative,0.5085305719921105,40.3,0,0,0,0,0,0,1,0,590,473,https://reddit.com/r/solotravel/comments/k4injt/your_dumbest_mistake_while_solotravelling/
Reddit,r/travel,2020-11-11,Cambodia Itinerary advice (which order to travel),0.1179,-0.007638888888888891,0.08023833333333333,Neutral,0.38641975308641974,0.0,0,0,0,0,0,0,0,0,10,11,https://reddit.com/r/travel/comments/jrz0tq/cambodia_itinerary_advice_which_order_to_travel/
Reddit,r/travel,2020-10-30,28 months in SE Asia: Singapore Malaysia Thailand Cambodia Laos Vietnam Philippines (14K total budget),0.9612,0.04632034632034631,0.6867361038961038,Positive,0.5857142857142857,0.0,0,0,1,0,0,0,1,0,37,31,https://reddit.com/r/travel/comments/jknyrz/28_months_in_se_asia_singapore_malaysia_thailand/
Reddit,r/solotravel,2020-09-14,What areas did you experience the most intense touts in your solo travels?,-0.881,0.12222222222222223,-0.5800333333333333,Negative,0.5777777777777778,33.8,0,0,0,0,0,0,0,0,20,43,https://reddit.com/r/solotravel/comments/isvmdd/what_areas_did_you_experience_the_most_intense/
Reddit,r/solotravel,2020-03-02,I consolidated all of /r/SoloTravel's little hacks &amp; tips.,0.7717,0.21041666666666667,0.6033149999999999,Positive,0.4813271604938271,0.0,0,0,0,0,0,0,1,0,2079,112,https://reddit.com/r/solotravel/comments/fc9vd7/i_consolidated_all_of_rsolotravels_little_hacks/
Reddit,r/solotravel,2020-02-21,"Trigger Warning: Solo Female Travel to Morocco, Sexual Assault",-0.4019,0.17934027777777778,-0.22752791666666664,Negative,0.4055555555555556,15.9,0,0,0,0,0,0,0,0,778,190,https://reddit.com/r/solotravel/comments/f7faow/trigger_warning_solo_female_travel_to_morocco/
Reddit,r/solotravel,2020-01-19,[SEA] M25 first time solo traveling and first time in South East Asia (1-3 months),0.046,0.15671296296296297,0.07921388888888889,Neutral,0.4476851851851852,3.8,1,0,0,0,0,0,0,0,5,7,https://reddit.com/r/solotravel/comments/eqsebh/sea_m25_first_time_solo_traveling_and_first_time/
Reddit,r/solotravel,2020-01-18,Feedback on my 3-month SEA itinerary and some other questions.,0.2952,0.22552083333333334,0.27429625,Positive,0.509375,0.0,0,0,0,0,0,0,1,0,3,10,https://reddit.com/r/solotravel/comments/eqhlgv/feedback_on_my_3month_sea_itinerary_and_some/
Reddit,r/solotravel,2020-01-16,Trip report: Togo/Bénin,0.4325,0.04742063492063492,0.3169761904761904,Positive,0.3380952380952381,0.0,0,0,1,0,0,0,0,0,40,10,https://reddit.com/r/solotravel/comments/epeekt/trip_report_togobénin/
Reddit,r/vietnam,2020-01-10,Recently Moved to Việt Nam - My Advice &amp; Observations,-0.775,0.08392857142857145,-0.5173214285714286,Negative,0.5560897435897436,35.8,0,0,1,0,0,0,0,0,60,70,https://reddit.com/r/VietNam/comments/emoydm/recently_moved_to_việt_nam_my_advice_observations/
Reddit,r/solotravel,2019-12-31,A detailed post trip report 3 months in Southeast Asia 25/M/US,0.0772,0.09722222222222222,0.08320666666666666,Neutral,0.5972222222222222,5.8,0,0,1,0,0,0,1,0,381,104,https://reddit.com/r/solotravel/comments/ehvti7/a_detailed_post_trip_report_3_months_in_southeast/
Reddit,r/solotravel,2019-12-26,Trip Report/Reflections: Thailand (Bangkok) and Vietnam (HCMC/Saigon),0.2732,0.20729166666666668,0.25342749999999997,Positive,0.534375,0.0,0,0,0,0,0,0,0,0,60,28,https://reddit.com/r/solotravel/comments/efwqba/trip_reportreflections_thailand_bangkok_and/
Reddit,r/solotravel,2019-11-11,I loved Marrakech but i won't come back again,-0.9788,0.03846153846153844,-0.6736215384615385,Negative,0.5935897435897437,46.4,0,0,0,1,0,0,0,0,1663,242,https://reddit.com/r/solotravel/comments/duqvnb/i_loved_marrakech_but_i_wont_come_back_again/
Reddit,r/travel,2019-10-04,My mum and dad are in Vietnam and my dad just sent these guidelines for Driving and Riding in Vietnam. Hope you like them!,0.9538,0.09907407407407408,0.6973822222222221,Positive,0.4541005291005291,0.0,0,0,0,0,0,0,0,0,18,3,https://reddit.com/r/travel/comments/dd7ekr/my_mum_and_dad_are_in_vietnam_and_my_dad_just/
Reddit,r/solotravel,2019-09-29,My 'give Bangkok a damn chance!' guide,-0.5818,0.20558035714285713,-0.3455858928571428,Negative,0.6464781746031746,20.7,0,0,0,0,0,0,0,0,809,170,https://reddit.com/r/solotravel/comments/daukjs/my_give_bangkok_a_damn_chance_guide/
Reddit,r/travel,2019-08-22,Valuable lesson learnt in Vietnam,0.6369,-0.13999999999999999,0.40383,Positive,0.5783333333333334,0.0,0,0,0,0,0,0,0,0,10,50,https://reddit.com/r/travel/comments/ctrh5x/valuable_lesson_learnt_in_vietnam/
Reddit,r/solotravel,2019-08-21,3 Months Away - a reflection,-0.0258,-0.10946969696969698,-0.050900909090909094,Neutral,0.39621212121212124,3.4,0,0,0,0,0,0,0,0,627,77,https://reddit.com/r/solotravel/comments/ctov5y/3_months_away_a_reflection/
Reddit,r/travel,2019-07-23,Lost $1000 using eDreams - AVOID!,-0.4764,-0.0016666666666666692,-0.33398,Negative,0.35000000000000003,23.9,0,0,1,0,0,0,0,0,1,8,https://reddit.com/r/travel/comments/cgt67u/lost_1000_using_edreams_avoid/
Reddit,r/travel,2019-06-24,Just Came Back from Cairo...uhh whoa,0.5003,0.08000000000000002,0.37421,Positive,0.3481481481481481,0.0,0,0,0,0,0,0,0,0,3265,666,https://reddit.com/r/travel/comments/c4wab9/just_came_back_from_cairouhh_whoa/
Reddit,r/solotravel,2019-06-14,I lost $1000 from a taxi scam in Prague,-0.431,-0.05634920634920636,-0.3186047619047619,Negative,0.4825396825396826,30.6,1,0,0,0,0,0,1,0,370,200,https://reddit.com/r/solotravel/comments/c0kld3/i_lost_1000_from_a_taxi_scam_in_prague/
Reddit,r/vietnam,2019-06-04,"Traveling to Hoi An, Hue, HCM. Tips please",0.9067,-0.0021885521885521733,0.6340334343434343,Positive,0.3390993265993266,0.0,0,0,0,0,0,0,0,0,0,28,https://reddit.com/r/VietNam/comments/bwmwme/traveling_to_hoi_an_hue_hcm_tips_please/
Reddit,r/solotravel,2019-05-11,Feeling down and like I might not be cut out for traveling? Reassurances/advice appreciated,0.9043,0.11096280262946928,0.6662988407888407,Positive,0.4160694244027577,0.0,0,0,0,0,0,0,0,0,52,58,https://reddit.com/r/solotravel/comments/bnama7/feeling_down_and_like_i_might_not_be_cut_out_for/
Reddit,r/vietnam,2019-04-15,Getting A Vietnam Visa: E-Visa Vs Vietnam Visa on Arrival / Visa Scams,-0.5729,0.02,-0.39502999999999994,Negative,0.6,22.2,0,0,0,0,0,0,0,0,6,9,https://reddit.com/r/VietNam/comments/bdi82g/getting_a_vietnam_visa_evisa_vs_vietnam_visa_on/
Reddit,r/solotravel,2018-12-15,Renting a bicycle to see Hue on a day trip... what have I missed?,-0.1184,-0.012471941638608307,-0.08662158249158249,Neutral,0.34957912457912454,15.6,0,1,0,1,0,0,0,0,0,4,https://reddit.com/r/solotravel/comments/a6cp0q/renting_a_bicycle_to_see_hue_on_a_day_trip_what/
Reddit,r/travel,2018-12-10,Vietnam experiences with scams and rudeness as compared to the rest of SE Asia,0.7489,0.04929824561403509,0.5390194736842105,Positive,0.5347368421052632,0.0,0,0,0,0,0,0,0,0,3,18,https://reddit.com/r/travel/comments/a4xvt3/vietnam_experiences_with_scams_and_rudeness_as/
Reddit,r/travel,2018-12-03,What is the best way to manage my money when travelling to avoid hefty exchange rates?,0.961,0.5928571428571429,0.8505571428571428,Positive,0.29047619047619044,0.0,0,1,1,0,0,0,0,0,0,7,https://reddit.com/r/travel/comments/a2m2b3/what_is_the_best_way_to_manage_my_money_when/
Reddit,r/travel,2018-10-23,Travel Itinerary to India!,0.9538,0.11450216450216451,0.7020106493506493,Positive,0.4158008658008658,0.0,0,0,0,0,0,0,0,0,1,9,https://reddit.com/r/travel/comments/9qmbtl/travel_itinerary_to_india/
Reddit,r/solotravel,2018-09-29,Northern Vietnam - Detailed 3 Week Itinerary + Tips + Recommendations for,0.9346,0.23258928571428572,0.7239967857142856,Positive,0.4148809523809524,0.0,0,0,0,0,0,0,0,0,43,16,https://reddit.com/r/solotravel/comments/9jz2c4/northern_vietnam_detailed_3_week_itinerary_tips/
Reddit,r/travel,2018-08-26,Itinerary Review - North/Central Vietnam,0.7096,0.14722222222222225,0.5408866666666666,Positive,0.3435185185185185,0.0,0,0,0,0,0,0,0,0,2,10,https://reddit.com/r/travel/comments/9afgjr/itinerary_review_northcentral_vietnam/
Reddit,r/solotravel,2018-08-14,First solo travel in Vietnam,0.6468,0.21319444444444444,0.5167183333333333,Positive,0.5938888888888889,0.0,0,0,0,0,0,0,1,0,5,7,https://reddit.com/r/solotravel/comments/9770ou/first_solo_travel_in_vietnam/
Reddit,r/travel,2018-08-10,"First time travelling outside of Europe, going solo. I have some destinations in mind, would love some comments on them.",0.882,0.09107142857142855,0.6447214285714286,Positive,0.26865079365079364,0.0,0,0,0,0,0,0,0,0,5,33,https://reddit.com/r/travel/comments/9682lo/first_time_travelling_outside_of_europe_going/
Reddit,r/solotravel,2018-08-08,"Looking for recommendations, most likely around Asia",0.9161,0.2997053872053872,0.7311816161616161,Positive,0.6931537598204265,0.0,0,0,0,0,0,0,1,0,1,10,https://reddit.com/r/solotravel/comments/95j98i/looking_for_recommendations_most_likely_around/
Reddit,r/travel,2018-07-23,Vietnamese Taxis,0.8271,0.255,0.6554699999999999,Positive,0.6212698412698413,0.0,0,0,1,0,0,0,0,0,7,22,https://reddit.com/r/travel/comments/9198j0/vietnamese_taxis/
Reddit,r/travel,2018-03-18,I'm looking for advice for first solo trip to Vietnam,-0.0258,0.11249999999999998,0.01568999999999999,Neutral,0.3474999999999999,5.4,0,0,0,0,0,0,1,0,3,8,https://reddit.com/r/travel/comments/85aec4/im_looking_for_advice_for_first_solo_trip_to/
Reddit,r/travel,2018-03-13,Is Vietnam still worth traveling despite all the scams and tourists? Vaccination yes/no?,0.7828,0.24074074074074073,0.6201822222222222,Positive,0.5166666666666667,0.0,0,0,0,0,0,0,0,0,0,20,https://reddit.com/r/travel/comments/842vhq/is_vietnam_still_worth_traveling_despite_all_the/
Reddit,r/travel,2018-02-06,Back after 10 months traveling between Asia and South-America,0.4019,0.09307359307359307,0.3092520779220779,Positive,0.28365800865800866,0.0,0,0,0,0,0,0,0,0,43,31,https://reddit.com/r/travel/comments/7vnvht/back_after_10_months_traveling_between_asia_and/
Reddit,r/solotravel,2018-01-08,Solo Trip Report - Northern Vietnam,0.8268,0.14905895691609977,0.6234776870748299,Positive,0.3767913832199547,0.0,0,0,0,0,0,0,1,0,9,4,https://reddit.com/r/solotravel/comments/7owrnv/solo_trip_report_northern_vietnam/
Reddit,r/travel,2017-12-21,PSA: Be careful when booking flights through travel agencies and not directly through airlines (even Kayak),0.8445,0.09895833333333331,0.6208374999999999,Positive,0.4125,0.0,0,0,0,0,0,0,0,0,2,28,https://reddit.com/r/travel/comments/7lbfly/psa_be_careful_when_booking_flights_through/
Reddit,r/travel,2017-10-17,A few questions about Southeast Asia?,0.1027,0.1503968253968254,0.11700904761904761,Neutral,0.5635912698412698,0.0,0,0,0,0,0,0,0,0,5,11,https://reddit.com/r/travel/comments/76ynro/a_few_questions_about_southeast_asia/
Reddit,r/travel,2017-10-14,South East Asia - How to stay safe and have fun?,-0.7783,0.16029411764705884,-0.49672176470588225,Negative,0.40767973856209155,44.9,0,0,1,1,0,0,0,1,0,15,https://reddit.com/r/travel/comments/76c0d6/south_east_asia_how_to_stay_safe_and_have_fun/
Reddit,r/solotravel,2017-05-29,Had an interesting experience in Vietnam (Hue) last night.,0.8553,0.13358024691358028,0.638784074074074,Positive,0.2874074074074074,0.0,0,0,0,0,0,0,0,0,71,40,https://reddit.com/r/solotravel/comments/6dz5m9/had_an_interesting_experience_in_vietnam_hue_last/
Reddit,r/travel,2017-05-14,"People who have been in Indonesia and Vietnam, which country is more enjoyable and why?",-0.6133,0.15000000000000002,-0.38431,Negative,0.4113636363636364,32.0,0,0,1,1,0,0,0,0,4,20,https://reddit.com/r/travel/comments/6b2xsn/people_who_have_been_in_indonesia_and_vietnam/
Reddit,r/travel,2017-01-22,Need advice on buying mobile phones in Thailand.,-0.6915,0.2585792994883904,-0.40647621015348284,Negative,0.4525875639512003,28.2,0,1,0,0,0,0,0,0,2,5,https://reddit.com/r/travel/comments/5pgili/need_advice_on_buying_mobile_phones_in_thailand/
Reddit,r/travel,2016-12-27,Let's get to the bottom of the Vietnam Visa issue for US citizens...,0.8074,0.08740079365079366,0.5914002380952381,Positive,0.41557539682539685,0.0,0,0,0,0,0,0,0,0,5,8,https://reddit.com/r/travel/comments/5kk7ux/lets_get_to_the_bottom_of_the_vietnam_visa_issue/
Reddit,r/solotravel,2016-12-26,Vietnam and Thailand language issues,-0.5915,0.14204545454545453,-0.3714363636363636,Negative,0.45,26.9,0,1,0,0,0,0,0,0,4,11,https://reddit.com/r/solotravel/comments/5kfyad/vietnam_and_thailand_language_issues/
Reddit,r/travel,2016-12-12,"Looking to go to India, Malaysia, Myanmar, Hanoi, or anywhere hot (in January) and relatively close to Southeast Asia. Any recommendations?",0.9124,0.020941558441558452,0.6449624675324674,Positive,0.5789862914862915,0.0,0,1,0,0,0,0,0,0,1,26,https://reddit.com/r/travel/comments/5hvaid/looking_to_go_to_india_malaysia_myanmar_hanoi_or/
Reddit,r/travel,2016-10-28,Where can I get the best info about Zika?,0.6908,0.286969696969697,0.569650909090909,Positive,0.5054545454545455,0.0,0,0,0,0,0,0,0,0,2,6,https://reddit.com/r/travel/comments/59v28z/where_can_i_get_the_best_info_about_zika/
Reddit,r/travel,2016-10-04,Vietnam Solo: 27 days motorbiking trip - advice welcome!,0.9186,0.34583333333333327,0.7467699999999999,Positive,0.4564814814814815,0.0,0,0,0,0,0,0,1,0,13,43,https://reddit.com/r/travel/comments/55u0i0/vietnam_solo_27_days_motorbiking_trip_advice/
Reddit,r/travel,2016-05-06,"travelling through Bulgaria from Romania to Greece, what to look out for?",-0.7595,0.1,-0.5016499999999999,Negative,0.34,28.2,0,0,0,0,0,0,0,0,0,7,https://reddit.com/r/travel/comments/4i4go0/travelling_through_bulgaria_from_romania_to/
Reddit,r/solotravel,2016-04-30,"A ridiculously detailed post-trip report on 3 months in Thailand, Laos, Vietnam and Cambodia. 25/F/solo",0.7003,0.2130208333333333,0.55411625,Positive,0.5654513888888889,0.0,0,0,0,0,0,0,0,0,186,61,https://reddit.com/r/solotravel/comments/4h4mkx/a_ridiculously_detailed_posttrip_report_on_3/
Reddit,r/solotravel,2016-03-25,The call of the road is finally too much! I'll be quitting my job the end of summer and flying solo to SEA for as long as possible. Help with budget and prep tips please!,0.6808,0.19285714285714287,0.5344171428571428,Positive,0.5664160401002507,0.0,0,0,0,0,0,0,0,0,0,5,https://reddit.com/r/solotravel/comments/4bwk2a/the_call_of_the_road_is_finally_too_much_ill_be/
Reddit,r/solotravel,2016-02-15,Are taxi drivers as sketchy as I think they are?,-0.8885,0.059629629629629616,-0.604061111111111,Negative,0.31592592592592594,34.4,0,0,0,0,0,0,0,0,32,38,https://reddit.com/r/solotravel/comments/45xu7x/are_taxi_drivers_as_sketchy_as_i_think_they_are/
Reddit,r/travel,2016-01-25,SEA Tips and Tricks,0.5481,0.14269480519480518,0.42647844155844156,Positive,0.46002886002886,0.0,0,0,0,0,0,0,0,0,2,5,https://reddit.com/r/travel/comments/42n80o/sea_tips_and_tricks/
Reddit,r/solotravel,2016-01-18,"Traveling in Vietnam. I want to make a side-trip into Cambodia to see Angkor Wat, but I'm nervous about getting scammed. Advice?",-0.9349,0.05625,-0.637555,Negative,0.4583333333333333,36.5,0,0,0,0,0,0,0,0,3,9,https://reddit.com/r/solotravel/comments/41g8wx/traveling_in_vietnam_i_want_to_make_a_sidetrip/
Reddit,r/solotravel,2016-01-04,Bangladesh OR Myanmar? 2 weeks vacation,0.8777,0.10525252525252525,0.6459657575757576,Positive,0.40148989898989895,0.0,0,0,1,0,0,0,0,0,2,1,https://reddit.com/r/solotravel/comments/3zdso8/bangladesh_or_myanmar_2_weeks_vacation/
Reddit,r/travel,2015-12-20,Vietnam - what are your opinions? I've heard mixed stories about the way foreigners are treated.,0.5994,0.11776175213675212,0.45490852564102563,Positive,0.47922008547008543,0.0,0,0,0,0,0,0,1,0,5,20,https://reddit.com/r/travel/comments/3xmj6t/vietnam_what_are_your_opinions_ive_heard_mixed/
Reddit,r/travel,2015-08-07,Idea's for college graduation trips,0.9456,0.1344919786096257,0.7022675935828877,Positive,0.6679144385026737,0.0,0,0,0,0,0,0,1,0,1,6,https://reddit.com/r/travel/comments/3g6cip/ideas_for_college_graduation_trips/
Reddit,r/solotravel,2015-07-23,My South-East Asia advice; what's yours?,0.886,0.18,0.6742,Positive,0.5269444444444444,0.0,0,0,0,0,0,0,0,0,4,10,https://reddit.com/r/solotravel/comments/3ea9rv/my_southeast_asia_advice_whats_yours/
Reddit,r/travel,2015-06-21,Travelling in southeast Asia but never travelled before and have a few questions.,0.7493,0.05,0.5395099999999999,Positive,0.4,0.0,0,0,0,0,0,0,0,0,2,15,https://reddit.com/r/travel/comments/3amwcg/travelling_in_southeast_asia_but_never_travelled/
Reddit,r/travel,2015-06-03,VISA advice for multiple countries,0.2854,0.2987012987012987,0.2893903896103896,Positive,0.5850649350649351,0.0,0,0,0,0,0,0,0,0,2,11,https://reddit.com/r/travel/comments/38curk/visa_advice_for_multiple_countries/
Reddit,r/travel,2015-04-22,Backpacking Southeast Asia for 30 days - help and tips requested!,0.8658,0.42723214285714284,0.7342296428571428,Positive,0.5694196428571429,0.0,0,0,0,0,0,0,1,0,0,1,https://reddit.com/r/travel/comments/33gdnp/backpacking_southeast_asia_for_30_days_help_and/
Reddit,r/solotravel,2015-04-11,Advice for a solo female traveling Cambodia &amp; Vietnam for 2 weeks?,0.8674,0.2778846153846154,0.6905453846153846,Positive,0.5128205128205129,0.0,0,0,0,0,0,0,0,0,17,29,https://reddit.com/r/solotravel/comments/327ycy/advice_for_a_solo_female_traveling_cambodia/
Reddit,r/travel,2015-03-06,"Hoping to take bus from Ho Chi Minh City in Vietnam to Phnom Penh in Cambodia, but I don't have a visa yet. Will it be cheap/easy/fast to get the visa on the spot?",0.9681,0.21666666666666667,0.7426699999999999,Positive,0.5729166666666667,0.0,0,1,0,0,0,0,0,0,1,14,https://reddit.com/r/travel/comments/2y5rzo/hoping_to_take_bus_from_ho_chi_minh_city_in/
Reddit,r/travel,2014-11-12,"Any tips for our self-supported SE Asia scooter adventure? (Thailand, Laos, Cambodia, Vietnam)",0.3818,0.2625,0.34600999999999993,Positive,0.6277777777777779,0.0,0,0,0,0,0,0,0,0,1,8,https://reddit.com/r/travel/comments/2m38jz/any_tips_for_our_selfsupported_se_asia_scooter/
Reddit,r/travel,2014-11-05,Looking for advice on a trip to Southeast Asia (Long post; you have been warned.),0.0618,0.16388888888888886,0.09242666666666666,Neutral,0.5166666666666666,0.0,0,0,0,0,0,0,0,0,5,15,https://reddit.com/r/travel/comments/2lboyt/looking_for_advice_on_a_trip_to_southeast_asia/
Reddit,r/solotravel,2014-09-09,I have basically no idea what I'm doing - help me tailor my SEA trip?,0.4779,0.019607843137254905,0.34041235294117644,Positive,0.4029411764705882,0.0,0,0,0,0,0,0,1,0,1,15,https://reddit.com/r/solotravel/comments/2fwh04/i_have_basically_no_idea_what_im_doing_help_me/
Reddit,r/travel,2014-06-14,"How much should 3 weeks in Vietnam, Cambodia &amp; Thailand should cost?",-0.499,0.12407407407407407,-0.3120777777777778,Negative,0.4296296296296296,23.0,0,1,0,0,0,0,0,0,0,8,https://reddit.com/r/travel/comments/2846cx/how_much_should_3_weeks_in_vietnam_cambodia/
Reddit,r/travel,2014-06-02,"Going back to ASEA for at least 6 months, thinking of buying a motorbike. People who have done it, worth it?",0.2263,0.030833333333333334,0.16766,Neutral,0.3933333333333333,0.0,0,0,0,0,0,0,0,0,1,10,https://reddit.com/r/travel/comments/273b3e/going_back_to_asea_for_at_least_6_months_thinking/
Reddit,r/solotravel,2014-03-12,"First solo travel in Vietnam and Thailand for two months, destination suggestions, favourite eats and tips please!",0.7814,0.2617857142857143,0.6255157142857142,Positive,0.46476190476190476,0.0,0,0,0,0,0,0,0,0,10,18,https://reddit.com/r/solotravel/comments/208n8e/first_solo_travel_in_vietnam_and_thailand_for_two/
Reddit,r/travel,2014-03-01,American wrapping up a month in Vietnam - Some thoughts and advice for those thinking of visiting,0.9062,0.3948934837092732,0.752808045112782,Positive,0.4853383458646617,0.0,0,1,0,0,0,0,0,0,0,9,https://reddit.com/r/travel/comments/1z9645/american_wrapping_up_a_month_in_vietnam_some/
Reddit,r/vietnam,2014-02-06,"Vietnam: Yes, you will get ripped off. Yes, you should go anyway!",0.1531,0.0,0.10717,Neutral,1.0,5.3,0,1,0,0,0,0,0,0,6,13,https://reddit.com/r/VietNam/comments/1x796i/vietnam_yes_you_will_get_ripped_off_yes_you/
Reddit,r/solotravel,2014-01-28,First time solo traveler looking for advice for traveling in SEA,0.6697,0.05263863121005976,0.4845815893630179,Positive,0.46620284477427326,0.0,0,0,1,0,0,0,0,0,5,13,https://reddit.com/r/solotravel/comments/1wcpoz/first_time_solo_traveler_looking_for_advice_for/
Reddit,r/travel,2013-12-18,Vietnam tricks and scams,-0.8625,0.25,-0.52875,Negative,0.25,39.9,0,0,0,0,0,0,0,0,11,24,https://reddit.com/r/travel/comments/1t5q7g/vietnam_tricks_and_scams/
Reddit,r/solotravel,2013-12-18,"Trip Recap: Hong Kong, Vietnam, and Cambodia!",0.5983,0.06923076923076922,0.4395792307692308,Positive,0.508974358974359,0.0,0,0,0,0,0,0,0,0,7,19,https://reddit.com/r/solotravel/comments/1t52ps/trip_recap_hong_kong_vietnam_and_cambodia/
Reddit,r/travel,2013-12-09,Going to be motor biking in Vietnam from Saigon to Hanoi in January. Does anyone know a good place that i could buy a bike? or any tips?,0.9034,0.25,0.7073799999999999,Positive,0.5875,0.0,0,1,0,0,0,0,0,0,3,11,https://reddit.com/r/travel/comments/1sg857/going_to_be_motor_biking_in_vietnam_from_saigon/
Reddit,r/travel,2013-03-19,Going to Cambodia need advice (first time in SE Asia),0.0,0.2512175324675325,0.07536525974025975,Neutral,0.5308982683982684,0.0,0,0,0,0,0,0,0,0,9,16,https://reddit.com/r/travel/comments/1am9rn/going_to_cambodia_need_advice_first_time_in_se/
Reddit,r/travel,2012-11-25,"New Zealand to Portugal in 4 months - help, tips and suggestions needed!",0.8901,0.2991626794258373,0.7128188038277512,Positive,0.45905103668261554,0.0,0,0,0,0,0,0,0,0,0,9,https://reddit.com/r/travel/comments/13rcea/new_zealand_to_portugal_in_4_months_help_tips_and/
Reddit,r/travel,2012-07-18,Which travel guide should I buy for a solo SE Asia trip?,0.9359,0.345,0.7586299999999999,Positive,0.5667857142857143,0.0,0,0,0,0,0,0,0,0,1,6,https://reddit.com/r/travel/comments/wrmn0/which_travel_guide_should_i_buy_for_a_solo_se/
Reddit,r/travel,2012-05-18,"Traveling to Ho Chi Minh City in a week (staying for 2 weeks), any advice?",0.9246,0.22414965986394556,0.7144648979591836,Positive,0.42891156462585034,0.0,0,0,0,0,0,0,1,0,5,11,https://reddit.com/r/travel/comments/tsj41/traveling_to_ho_chi_minh_city_in_a_week_staying/
